/*
 Navicat Premium Data Transfer

 Source Server         : localhost
 Source Server Type    : MySQL
 Source Server Version : 80022
 Source Host           : localhost:3306
 Source Schema         : cattle

 Target Server Type    : MySQL
 Target Server Version : 80022
 File Encoding         : 65001

 Date: 17/05/2021 17:54:55
*/

SET NAMES utf8mb4;
SET FOREIGN_KEY_CHECKS = 0;

-- ----------------------------
-- Table structure for cattle_job_info
-- ----------------------------
DROP TABLE IF EXISTS `cattle_job_info`;
CREATE TABLE `cattle_job_info`  (
  `job_id` int(0) NOT NULL AUTO_INCREMENT,
  `job_name` varchar(15) CHARACTER SET utf8mb4 COLLATE utf8mb4_0900_ai_ci NULL DEFAULT NULL,
  `relate_id` int(0) NULL DEFAULT NULL,
  `script_type` varchar(15) CHARACTER SET utf8mb4 COLLATE utf8mb4_0900_ai_ci NULL DEFAULT NULL,
  `start_time` datetime(0) NULL DEFAULT NULL,
  `end_time` datetime(0) NULL DEFAULT NULL,
  `create_time` datetime(0) NULL DEFAULT CURRENT_TIMESTAMP ON UPDATE CURRENT_TIMESTAMP(0),
  PRIMARY KEY (`job_id`) USING BTREE
) ENGINE = InnoDB AUTO_INCREMENT = 3 CHARACTER SET = utf8mb4 COLLATE = utf8mb4_0900_ai_ci ROW_FORMAT = Dynamic;

-- ----------------------------
-- Records of cattle_job_info
-- ----------------------------
INSERT INTO `cattle_job_info` VALUES (1, '测试', 1, 'kettle', '2021-05-08 15:31:46', NULL, '2021-05-13 17:15:22');
INSERT INTO `cattle_job_info` VALUES (2, '杭州楼盘', 3, 'spider', NULL, NULL, '2021-05-13 17:15:24');
INSERT INTO `cattle_job_info` VALUES (3, '电影首发站', 1, 'spider', '2021-05-14 14:14:48', NULL, '2021-05-14 06:14:50');

-- ----------------------------
-- Table structure for cattle_ktr_field
-- ----------------------------
DROP TABLE IF EXISTS `cattle_ktr_field`;
CREATE TABLE `cattle_ktr_field`  (
  `field_id` int(0) NOT NULL AUTO_INCREMENT,
  `field_name` varchar(30) CHARACTER SET utf8mb4 COLLATE utf8mb4_0900_ai_ci NULL DEFAULT NULL,
  `field_type` varchar(10) CHARACTER SET utf8mb4 COLLATE utf8mb4_0900_ai_ci NULL DEFAULT NULL COMMENT '字段类型：String、Number',
  `length` int(0) NULL DEFAULT NULL COMMENT '字段长度',
  `precision` int(0) NULL DEFAULT NULL COMMENT '精度，只有在type为number时才有用',
  `default_value` varchar(50) CHARACTER SET utf8mb4 COLLATE utf8mb4_0900_ai_ci NULL DEFAULT NULL COMMENT '默认值',
  `comment` varchar(20) CHARACTER SET utf8mb4 COLLATE utf8mb4_0900_ai_ci NULL DEFAULT NULL,
  `step_id` int(0) NULL DEFAULT NULL,
  `deleted` tinyint(1) NULL DEFAULT 0,
  `update_time` datetime(0) NULL DEFAULT NULL,
  PRIMARY KEY (`field_id`) USING BTREE
) ENGINE = InnoDB AUTO_INCREMENT = 28 CHARACTER SET = utf8mb4 COLLATE = utf8mb4_0900_ai_ci COMMENT = '步骤字段' ROW_FORMAT = Dynamic;

-- ----------------------------
-- Records of cattle_ktr_field
-- ----------------------------
INSERT INTO `cattle_ktr_field` VALUES (1, 'name', 'String', 20, NULL, NULL, NULL, 1, 0, NULL);
INSERT INTO `cattle_ktr_field` VALUES (2, 'age', 'String', 50, NULL, NULL, NULL, 1, 0, NULL);
INSERT INTO `cattle_ktr_field` VALUES (3, 'sex', 'Number', 15, 2, NULL, '在统孵化器数量(个)', 1, 0, NULL);
INSERT INTO `cattle_ktr_field` VALUES (24, 'ceshi', 'String', 12, NULL, 'e', '', NULL, 0, NULL);
INSERT INTO `cattle_ktr_field` VALUES (25, '1', 'String', 1, 0, '', '', 14, 1, NULL);
INSERT INTO `cattle_ktr_field` VALUES (26, '2', 'String', 1, 0, '1', '1', 14, 0, NULL);
INSERT INTO `cattle_ktr_field` VALUES (27, 'ce', 'String', 122, 0, '1', '1', 1, 1, NULL);
INSERT INTO `cattle_ktr_field` VALUES (28, 'c', 'String', 1, 0, '123', '1', 1, 1, NULL);

-- ----------------------------
-- Table structure for cattle_ktr_info
-- ----------------------------
DROP TABLE IF EXISTS `cattle_ktr_info`;
CREATE TABLE `cattle_ktr_info`  (
  `id` int(0) NOT NULL AUTO_INCREMENT,
  `ktr_name` varchar(20) CHARACTER SET utf8mb4 COLLATE utf8mb4_0900_ai_ci NULL DEFAULT NULL COMMENT '脚本名',
  `script_file` varchar(255) CHARACTER SET utf8mb4 COLLATE utf8mb4_0900_ai_ci NULL DEFAULT NULL COMMENT '用于kettle脚本文件地址 kettle执行需要有个默认的  以 .ktr结尾的文件作为模板',
  `table_name` varchar(40) CHARACTER SET utf8mb4 COLLATE utf8mb4_0900_ai_ci NULL DEFAULT NULL,
  `process_type` varchar(10) CHARACTER SET utf8mb4 COLLATE utf8mb4_0900_ai_ci NULL DEFAULT NULL,
  `deleted` tinyint(1) NULL DEFAULT 0,
  `create_time` datetime(0) NULL DEFAULT CURRENT_TIMESTAMP ON UPDATE CURRENT_TIMESTAMP(0),
  `update_time` datetime(0) NULL DEFAULT NULL,
  `remark` varchar(100) CHARACTER SET utf8mb4 COLLATE utf8mb4_0900_ai_ci NULL DEFAULT NULL COMMENT '备注',
  PRIMARY KEY (`id`) USING BTREE
) ENGINE = InnoDB AUTO_INCREMENT = 11 CHARACTER SET = utf8mb4 COLLATE = utf8mb4_0900_ai_ci ROW_FORMAT = Dynamic;

-- ----------------------------
-- Records of cattle_ktr_info
-- ----------------------------
INSERT INTO `cattle_ktr_info` VALUES (1, '测试脚本', 'D:\\code\\new work space from git\\Cattle\\doc\\科技企业孵化\\excel导入基础脚本.ktr', 'test_tableYearTemplate_kettle_test', 'edit', 0, '2021-05-11 07:52:02', NULL, NULL);
INSERT INTO `cattle_ktr_info` VALUES (6, '测试', 'D:\\临时文件\\temp\\\\1.ktr', '测试', 'normal', 1, '2021-05-12 08:25:03', NULL, NULL);
INSERT INTO `cattle_ktr_info` VALUES (7, '1231', NULL, '123', 'normal', 1, '2021-05-12 08:15:11', NULL, NULL);
INSERT INTO `cattle_ktr_info` VALUES (8, '测试', 'D:\\临时文件\\temp\\\\1.ktr', 'c', 'normal', 1, '2021-05-12 08:15:09', NULL, NULL);
INSERT INTO `cattle_ktr_info` VALUES (9, '123', 'D:\\临时文件\\temp\\\\1.ktr', '132', 'edit', 1, '2021-05-12 08:15:06', NULL, NULL);
INSERT INTO `cattle_ktr_info` VALUES (10, '测试', 'D:\\临时文件\\temp多excel导入测试.ktr', '测试', 'normal', 1, '2021-05-11 09:18:02', NULL, NULL);
INSERT INTO `cattle_ktr_info` VALUES (11, '测试2', NULL, '测试2', 'edit', 0, '2021-05-12 08:53:27', NULL, NULL);

-- ----------------------------
-- Table structure for cattle_ktr_step
-- ----------------------------
DROP TABLE IF EXISTS `cattle_ktr_step`;
CREATE TABLE `cattle_ktr_step`  (
  `step_id` int(0) NOT NULL AUTO_INCREMENT,
  `step_name` varchar(15) CHARACTER SET utf8mb4 COLLATE utf8mb4_0900_ai_ci NULL DEFAULT NULL,
  `ktr_info_id` int(0) NULL DEFAULT NULL COMMENT 'cattle_ktr_info',
  `step_type` varchar(15) CHARACTER SET utf8mb4 COLLATE utf8mb4_0900_ai_ci NULL DEFAULT NULL COMMENT '步骤类型：excel导入、字段选择、自定义字段',
  `next_step_id` int(0) NULL DEFAULT NULL COMMENT '下一步步骤ID',
  `sheet_name` varchar(10) CHARACTER SET utf8mb4 COLLATE utf8mb4_0900_ai_ci NULL DEFAULT NULL COMMENT 'excel   sheetName',
  `start_row` int(0) NULL DEFAULT NULL COMMENT 'excel  开始行',
  `start_col` int(0) NULL DEFAULT NULL COMMENT 'excel 开始列',
  `file_list` varchar(255) CHARACTER SET utf8mb4 COLLATE utf8mb4_0900_ai_ci NULL DEFAULT NULL COMMENT 'excel步骤保存文件，逗号分割',
  `input_db_id` int(0) NULL DEFAULT NULL,
  `output_db_id` int(0) NULL DEFAULT NULL,
  `create_time` datetime(0) NULL DEFAULT CURRENT_TIMESTAMP ON UPDATE CURRENT_TIMESTAMP(0),
  `update_time` datetime(0) NULL DEFAULT NULL,
  `deleted` tinyint(1) NULL DEFAULT 0,
  PRIMARY KEY (`step_id`) USING BTREE
) ENGINE = InnoDB AUTO_INCREMENT = 14 CHARACTER SET = utf8mb4 COLLATE = utf8mb4_0900_ai_ci ROW_FORMAT = Dynamic;

-- ----------------------------
-- Records of cattle_ktr_step
-- ----------------------------
INSERT INTO `cattle_ktr_step` VALUES (1, 'excel导入', 1, 'excelImport', 2, 'Sheet1', 12, 0, 'D:\\code\\new work space from git\\Cattle\\doc\\科技企业孵化\\1.xlsx', NULL, NULL, '2021-05-13 02:56:41', NULL, 0);
INSERT INTO `cattle_ktr_step` VALUES (3, '新增常量', 1, 'constant', 0, '', NULL, NULL, NULL, NULL, NULL, '2021-05-12 08:24:12', NULL, 1);
INSERT INTO `cattle_ktr_step` VALUES (5, '测试', 1, 'excelImport', NULL, NULL, 12, 12, NULL, NULL, NULL, '2021-05-12 09:35:23', NULL, 1);
INSERT INTO `cattle_ktr_step` VALUES (14, 'excel', 11, 'excelImport', NULL, '12', 123, 123, NULL, NULL, NULL, '2021-05-13 02:07:52', NULL, 0);

-- ----------------------------
-- Table structure for cattle_run_log
-- ----------------------------
DROP TABLE IF EXISTS `cattle_run_log`;
CREATE TABLE `cattle_run_log`  (
  `batch_id` bigint(0) NOT NULL,
  `job_id` int(0) NULL DEFAULT NULL,
  `job_name` varchar(20) CHARACTER SET utf8mb4 COLLATE utf8mb4_0900_ai_ci NULL DEFAULT NULL,
  `job_status` varchar(10) CHARACTER SET utf8mb4 COLLATE utf8mb4_0900_ai_ci NULL DEFAULT NULL COMMENT 'job状态',
  `count` int(0) NULL DEFAULT NULL COMMENT '成功条数',
  `error_count` int(0) NULL DEFAULT NULL COMMENT '错误数',
  `error_text` longtext CHARACTER SET utf8mb4 COLLATE utf8mb4_0900_ai_ci NULL COMMENT '错误日志',
  `warn_count` int(0) NULL DEFAULT NULL COMMENT '警告数',
  `warn_text` text CHARACTER SET utf8mb4 COLLATE utf8mb4_0900_ai_ci NULL COMMENT '警告日志',
  `start_time` datetime(0) NULL DEFAULT CURRENT_TIMESTAMP ON UPDATE CURRENT_TIMESTAMP(0),
  `end_time` datetime(0) NULL DEFAULT NULL,
  PRIMARY KEY (`batch_id`) USING BTREE
) ENGINE = InnoDB CHARACTER SET = utf8mb4 COLLATE = utf8mb4_0900_ai_ci ROW_FORMAT = Dynamic;

-- ----------------------------
-- Records of cattle_run_log
-- ----------------------------
INSERT INTO `cattle_run_log` VALUES (1392771016706625536, 2, '杭州楼盘', 'interrupt', 0, 1, 'com.cattle.component.spider.handler.SpiderProcessHandlerexecutor error Exception:java.lang.NullPointerException --- message:null', 0, '', '2021-05-13 09:21:12', NULL);
INSERT INTO `cattle_run_log` VALUES (1392771893458767872, 1, '测试', 'running', NULL, NULL, NULL, NULL, NULL, '2021-05-13 09:21:26', NULL);
INSERT INTO `cattle_run_log` VALUES (1392772493646893056, 1, '测试', 'running', NULL, NULL, NULL, NULL, NULL, '2021-05-13 09:23:45', NULL);
INSERT INTO `cattle_run_log` VALUES (1392772814167216128, 1, '测试', 'running', NULL, NULL, NULL, NULL, NULL, '2021-05-13 09:25:05', NULL);
INSERT INTO `cattle_run_log` VALUES (1392772875764764672, 1, '测试', 'running', NULL, NULL, NULL, NULL, NULL, '2021-05-13 09:25:23', NULL);
INSERT INTO `cattle_run_log` VALUES (1392773094170562560, 1, '测试', 'running', NULL, NULL, NULL, NULL, NULL, '2021-05-13 09:26:17', NULL);
INSERT INTO `cattle_run_log` VALUES (1392782452900106240, 1, '测试', 'finish', 0, 0, NULL, 0, '', '2021-05-13 10:03:38', NULL);
INSERT INTO `cattle_run_log` VALUES (1392782557522825216, 1, '测试', 'finish', 0, 0, NULL, 0, '', '2021-05-13 10:05:33', NULL);
INSERT INTO `cattle_run_log` VALUES (1393044580370354176, 2, '杭州楼盘', 'interrupt', 0, 1, 'com.cattle.component.spider.handler.SpiderProcessHandlerexecutor error Exception:java.lang.NullPointerException --- message:null', 0, '', '2021-05-14 03:26:20', NULL);
INSERT INTO `cattle_run_log` VALUES (1393044985548509184, 2, '杭州楼盘', 'interrupt', 0, 1, 'com.cattle.component.spider.handler.SpiderProcessHandlerexecutor error Exception:java.lang.NullPointerException --- message:null', 0, '', '2021-05-14 03:30:09', NULL);
INSERT INTO `cattle_run_log` VALUES (1393045850313330688, 2, '杭州楼盘', 'interrupt', 0, 1, 'com.cattle.component.spider.handler.SpiderProcessHandlerexecutor error Exception:java.lang.NullPointerException --- message:null', 0, '', '2021-05-14 03:31:06', NULL);
INSERT INTO `cattle_run_log` VALUES (1393046092664410112, 2, '杭州楼盘', 'interrupt', 0, 1, 'com.cattle.component.spider.handler.SpiderProcessHandlerexecutor error Exception:java.lang.NullPointerException --- message:null', 0, '', '2021-05-14 03:32:56', NULL);
INSERT INTO `cattle_run_log` VALUES (1393046635059220480, 2, '杭州楼盘', 'interrupt', 0, 1, 'com.cattle.component.spider.handler.SpiderProcessHandlerexecutor error Exception:java.lang.NullPointerException --- message:null', 0, '', '2021-05-14 03:34:16', NULL);
INSERT INTO `cattle_run_log` VALUES (1393046982922211328, 2, '杭州楼盘', 'finish', 0, 0, NULL, 1, 'com.cattle.component.spider.download.DefaultHttpClientDownloaderexecutor warn Exception:org.apache.http.conn.ConnectTimeoutException --- message:Connect to hz.newhouse.fang.com:443 [hz.newhouse.fang.com/124.251.86.64] failed: connect timed out', '2021-05-14 03:36:25', NULL);
INSERT INTO `cattle_run_log` VALUES (1393047516592869376, 2, '杭州楼盘', 'finish', 0, 0, NULL, 0, '', '2021-05-14 03:38:57', NULL);
INSERT INTO `cattle_run_log` VALUES (1393048074707931136, 3, '电影首发站', 'interrupt', 0, 2, 'com.cattle.component.spider.process.PageTargetProcessexecutor error Exception:org.jsoup.select.Selector$SelectorParseException --- message:Could not parse query \'div[position()>10]\': unexpected token at \'position()>10\'com.cattle.component.spider.process.PageTargetProcessexecutor error Exception:org.jsoup.select.Selector$SelectorParseException --- message:Could not parse query \'div[position() > 10]\': unexpected token at \'position() > 10\'', 0, '', '2021-05-14 06:14:59', NULL);
INSERT INTO `cattle_run_log` VALUES (1393087421255651328, 3, '电影首发站', 'finish', 0, 0, NULL, 0, '', '2021-05-14 06:53:34', NULL);
INSERT INTO `cattle_run_log` VALUES (1393087551555899392, 2, '杭州楼盘', 'running', NULL, NULL, NULL, NULL, NULL, '2021-05-14 08:02:25', NULL);
INSERT INTO `cattle_run_log` VALUES (1393114541579177984, 2, '杭州楼盘', 'finish', 0, 0, NULL, 0, '', '2021-05-14 08:03:19', NULL);
INSERT INTO `cattle_run_log` VALUES (1393114604200136704, 2, '杭州楼盘', 'running', NULL, NULL, NULL, NULL, NULL, '2021-05-14 08:06:41', NULL);
INSERT INTO `cattle_run_log` VALUES (1393131641823694848, 2, '杭州楼盘', 'finish', 0, 0, NULL, 1, 'com.cattle.component.spider.download.DefaultHttpClientDownloaderexecutor warn Exception:java.net.SocketTimeoutException --- message:Read timed out', '2021-05-14 09:11:12', NULL);
INSERT INTO `cattle_run_log` VALUES (1393131684051947520, 3, '电影首发站', 'running', NULL, NULL, NULL, NULL, NULL, '2021-05-14 09:11:28', NULL);
INSERT INTO `cattle_run_log` VALUES (1393131841829081088, 2, '杭州楼盘', 'running', NULL, NULL, NULL, NULL, NULL, '2021-05-14 09:11:36', NULL);
INSERT INTO `cattle_run_log` VALUES (1393132249632870400, 2, '杭州楼盘', 'running', NULL, NULL, NULL, NULL, NULL, '2021-05-14 09:13:17', NULL);
INSERT INTO `cattle_run_log` VALUES (1393132299247292416, 2, '杭州楼盘', 'running', NULL, NULL, NULL, NULL, NULL, '2021-05-14 09:13:47', NULL);
INSERT INTO `cattle_run_log` VALUES (1393132424036225024, 2, '杭州楼盘', 'running', NULL, NULL, NULL, NULL, NULL, '2021-05-14 09:14:05', NULL);
INSERT INTO `cattle_run_log` VALUES (1393132500464832512, 2, '杭州楼盘', 'running', NULL, NULL, NULL, NULL, NULL, '2021-05-14 09:14:27', NULL);
INSERT INTO `cattle_run_log` VALUES (1393132591812579328, 2, '杭州楼盘', 'running', NULL, NULL, NULL, NULL, NULL, '2021-05-14 09:14:46', NULL);
INSERT INTO `cattle_run_log` VALUES (1393132670011183104, 2, '杭州楼盘', 'running', NULL, NULL, NULL, NULL, NULL, '2021-05-14 09:15:03', NULL);
INSERT INTO `cattle_run_log` VALUES (1393132740769091584, 2, '杭州楼盘', 'running', NULL, NULL, NULL, NULL, NULL, '2021-05-14 09:15:34', NULL);
INSERT INTO `cattle_run_log` VALUES (1393132870326947840, 2, '杭州楼盘', 'running', NULL, NULL, NULL, NULL, NULL, '2021-05-14 09:15:44', NULL);
INSERT INTO `cattle_run_log` VALUES (1393133037302190080, 2, '杭州楼盘', 'running', NULL, NULL, NULL, NULL, NULL, '2021-05-14 09:16:22', NULL);
INSERT INTO `cattle_run_log` VALUES (1393133072639201280, 2, '杭州楼盘', 'running', NULL, NULL, NULL, NULL, NULL, '2021-05-14 09:17:03', NULL);
INSERT INTO `cattle_run_log` VALUES (1393133243330596864, 3, '电影首发站', 'running', NULL, NULL, NULL, NULL, NULL, '2021-05-14 09:19:46', NULL);
INSERT INTO `cattle_run_log` VALUES (1393133929246101504, 2, '杭州楼盘', 'running', NULL, NULL, NULL, NULL, NULL, '2021-05-14 09:19:47', NULL);
INSERT INTO `cattle_run_log` VALUES (1393133932416995328, 3, '电影首发站', 'running', NULL, NULL, NULL, NULL, NULL, '2021-05-14 09:19:47', NULL);
INSERT INTO `cattle_run_log` VALUES (1393133933964693504, 2, '杭州楼盘', 'running', NULL, NULL, NULL, NULL, NULL, '2021-05-14 09:19:47', NULL);
INSERT INTO `cattle_run_log` VALUES (1393133934979715072, 3, '电影首发站', 'running', NULL, NULL, NULL, NULL, NULL, '2021-05-14 09:19:48', NULL);
INSERT INTO `cattle_run_log` VALUES (1393133936795848704, 2, '杭州楼盘', 'running', NULL, NULL, NULL, NULL, NULL, '2021-05-14 09:19:48', NULL);
INSERT INTO `cattle_run_log` VALUES (1393133937915727872, 3, '电影首发站', 'running', NULL, NULL, NULL, NULL, NULL, '2021-05-14 09:19:48', NULL);
INSERT INTO `cattle_run_log` VALUES (1393133938993664000, 2, '杭州楼盘', 'running', NULL, NULL, NULL, NULL, NULL, '2021-05-14 09:19:49', NULL);
INSERT INTO `cattle_run_log` VALUES (1393133940021268480, 3, '电影首发站', 'running', NULL, NULL, NULL, NULL, NULL, '2021-05-14 09:19:49', NULL);
INSERT INTO `cattle_run_log` VALUES (1393133941124370432, 1, '测试', 'finish', 0, 0, NULL, 0, '', '2021-05-14 09:19:55', NULL);
INSERT INTO `cattle_run_log` VALUES (1393133943468986368, 3, '电影首发站', 'running', NULL, NULL, NULL, NULL, NULL, '2021-05-14 09:20:01', NULL);
INSERT INTO `cattle_run_log` VALUES (1393133992030638080, 3, '电影首发站', 'running', NULL, NULL, NULL, NULL, NULL, '2021-05-14 09:21:42', NULL);
INSERT INTO `cattle_run_log` VALUES (1393134640335818752, 3, '电影首发站', 'running', NULL, NULL, NULL, NULL, NULL, '2021-05-14 09:22:43', NULL);
INSERT INTO `cattle_run_log` VALUES (1393135330986692608, 3, '电影首发站', 'interrupt', 0, 1, 'com.cattle.component.spider.SpiderScriptexecutor error Exception:org.springframework.beans.factory.NoUniqueBeanDefinitionException --- message:No qualifying bean of type \'org.springframework.data.redis.core.RedisTemplate\' available: expected single matching bean but found 2: redisTemplate,stringRedisTemplate', 0, '', '2021-05-14 09:25:47', NULL);
INSERT INTO `cattle_run_log` VALUES (1393141339541082112, 3, '电影首发站', 'finish', 0, 0, NULL, 1, 'com.cattle.component.spider.download.DefaultHttpClientDownloaderexecutor warn Exception:java.net.SocketTimeoutException --- message:Read timed out', '2021-05-14 09:51:57', NULL);
INSERT INTO `cattle_run_log` VALUES (1393141406226321408, 3, '电影首发站', 'running', NULL, NULL, NULL, NULL, NULL, '2021-05-14 10:10:33', NULL);

-- ----------------------------
-- Table structure for cattle_spider_info
-- ----------------------------
DROP TABLE IF EXISTS `cattle_spider_info`;
CREATE TABLE `cattle_spider_info`  (
  `spider_id` int(0) UNSIGNED NOT NULL AUTO_INCREMENT COMMENT '主键id',
  `spider_name` varchar(64) CHARACTER SET utf8 COLLATE utf8_general_ci NOT NULL COMMENT '爬虫名',
  `table_name` varchar(64) CHARACTER SET utf8 COLLATE utf8_general_ci NOT NULL COMMENT '保存的表名',
  `list_regex` varchar(512) CHARACTER SET utf8 COLLATE utf8_general_ci NOT NULL COMMENT '列表页正则表达式',
  `entry_url` varchar(1024) CHARACTER SET utf8 COLLATE utf8_general_ci NOT NULL COMMENT '入口页',
  `content_xpath` varchar(255) CHARACTER SET utf8 COLLATE utf8_general_ci NULL DEFAULT NULL COMMENT '正文页xpath',
  `fields_json` text CHARACTER SET utf8 COLLATE utf8_general_ci NOT NULL COMMENT '列表页字段规则json字符串',
  `content_fields_json` text CHARACTER SET utf8 COLLATE utf8_general_ci NULL COMMENT '正文页规则json字符串',
  `thread_num` int(0) NULL DEFAULT NULL COMMENT '线程数',
  `sleep_time` int(0) NULL DEFAULT NULL COMMENT '每个页面处理完后的睡眠时间 单位秒',
  `retry_times` int(0) NULL DEFAULT NULL COMMENT '页面下载失败重试次数',
  `retry_sleep_time` int(0) NULL DEFAULT NULL COMMENT '重试睡眠时间 单位秒',
  `cycle_retry_times` int(0) NULL DEFAULT NULL COMMENT '页面爬取失败后放回队列的次数',
  `time_out` int(0) NULL DEFAULT NULL COMMENT '下载页面超时时间 单位秒',
  `x_path_selection` int(0) NULL DEFAULT NULL COMMENT 'xpath 解析选型 0 - htmlCleaner，1 - xSoup',
  `create_time` datetime(0) NOT NULL,
  `modify_time` datetime(0) NOT NULL,
  `deleted` tinyint(1) NULL DEFAULT 0,
  `scan_url_type` tinyint(1) NULL DEFAULT NULL COMMENT 'url 扫描类型   0 - 全量，1 - 增量',
  PRIMARY KEY (`spider_id`) USING BTREE
) ENGINE = InnoDB CHARACTER SET = utf8 COLLATE = utf8_general_ci ROW_FORMAT = Dynamic;

-- ----------------------------
-- Records of cattle_spider_info
-- ----------------------------
INSERT INTO `cattle_spider_info` VALUES (1, '电影首发站', 'spider_movie_info', 'https://www\\.wuhaozhan\\.net/movie/list/\\?p=\\d+', 'https://www.wuhaozhan.net/movie/list/?p=1', NULL, '[{\"index\":1,\"key\":\"title\",\"value\":\"//div[@Class=\'pure-g\']/div/div/div/div[2]/h1/a/text()\"},{\"index\":2,\"key\":\"rate\",\"value\":\"//div[@Class=\'pure-g\']/div/div/div/div[3]//a/span/text()\"},{\"index\":3,\"key\":\"url\",\"value\":\"//div[@Class=\'pure-g\']/div/div/div/div[2]/h1/a/@href\"}]', '[]', 3, 2, 1, 2, 3, 5, 0, '2021-03-09 17:05:17', '2021-03-09 17:12:05', 0, 1);
INSERT INTO `cattle_spider_info` VALUES (2, '豆瓣top250', 'douban_top_320', 'https://movie\\.douban\\.com/top250\\?start=\\d+&filter=', 'https://movie.douban.com/top250?start=0&filter=', '//*[@class=\'article\']//div[@class=\'hd\']/a/@href', '[{\"index\":0,\"key\":\"title\",\"value\":\"//*[@id=\\\"content\\\"]/div/div[1]/ol/li/div/div[2]/div[1]/a/span[1]/text()\"},{\"index\":1,\"key\":\"rate\",\"value\":\"//*[@id=\\\"content\\\"]/div/div[1]/ol/li/div/div[2]/div[2]/div/span[2]/text()\"}]', '[{\"index\":0,\"key\":\"taptap\",\"value\":\"//*[@id=\'content\']/h1/span[1]/text()\"}]', 1, 5, 0, 1, 0, 5, 1, '2021-03-09 10:16:19', '2021-03-09 10:16:19', 0, 1);
INSERT INTO `cattle_spider_info` VALUES (3, '杭州楼盘', 'hz_lp', 'https://hz\\.newhouse\\.fang\\.com/house/s/b\\d+', 'https://hz.newhouse.fang.com/house/s/b91', '', '[{\"index\":0,\"key\":\"name\",\"value\":\"//div[@class=\'nlc_details\']//div[@class=\'nlcd_name\']//a/text()\"},{\"index\":1,\"key\":\"address\",\"value\":\"//div[@class=\'address\']//a/text()\"},{\"index\":2,\"key\":\"price\",\"value\":\"//div[@class=\'nhouse_price\']/*[1]/text()\"}]', '[{\"index\":0,\"key\":\"rate\",\"value\":\"\"}]', 4, 1, 2, 1, 2, 5, 1, '2021-03-09 10:16:20', '2021-03-11 10:25:27', 0, 1);

-- ----------------------------
-- Table structure for hz_lp
-- ----------------------------
DROP TABLE IF EXISTS `hz_lp`;
CREATE TABLE `hz_lp`  (
  `id` bigint(0) NOT NULL AUTO_INCREMENT,
  `address` text CHARACTER SET utf8mb4 COLLATE utf8mb4_0900_ai_ci NULL,
  `price` text CHARACTER SET utf8mb4 COLLATE utf8mb4_0900_ai_ci NULL,
  `name` text CHARACTER SET utf8mb4 COLLATE utf8mb4_0900_ai_ci NULL,
  `batch_id` char(64) CHARACTER SET utf8mb4 COLLATE utf8mb4_0900_ai_ci NULL DEFAULT NULL,
  `create_time` datetime(0) NULL DEFAULT NULL,
  `modify_time` datetime(0) NULL DEFAULT NULL,
  PRIMARY KEY (`id`) USING BTREE
) ENGINE = InnoDB AUTO_INCREMENT = 120 CHARACTER SET = utf8mb4 COLLATE = utf8mb4_0900_ai_ci ROW_FORMAT = Dynamic;

-- ----------------------------
-- Records of hz_lp
-- ----------------------------
INSERT INTO `hz_lp` VALUES (1, '', '15500', '', '1393047516592869376', '2021-05-14 11:38:58', '2021-05-14 11:38:58');
INSERT INTO `hz_lp` VALUES (2, '', '8500', '', '1393047516592869376', '2021-05-14 11:38:58', '2021-05-14 11:38:58');
INSERT INTO `hz_lp` VALUES (3, '', '价格待定', '', '1393047516592869376', '2021-05-14 11:38:58', '2021-05-14 11:38:58');
INSERT INTO `hz_lp` VALUES (4, '', '30400', '', '1393047516592869376', '2021-05-14 11:38:58', '2021-05-14 11:38:58');
INSERT INTO `hz_lp` VALUES (5, '', '11900', '', '1393047516592869376', '2021-05-14 11:38:58', '2021-05-14 11:38:58');
INSERT INTO `hz_lp` VALUES (6, '', '36000', '', '1393047516592869376', '2021-05-14 11:38:58', '2021-05-14 11:38:58');
INSERT INTO `hz_lp` VALUES (7, '', '价格待定', '', '1393047516592869376', '2021-05-14 11:38:58', '2021-05-14 11:38:58');
INSERT INTO `hz_lp` VALUES (8, '', '8535', '', '1393047516592869376', '2021-05-14 11:38:58', '2021-05-14 11:38:58');
INSERT INTO `hz_lp` VALUES (9, '', '14500', '', '1393047516592869376', '2021-05-14 11:38:58', '2021-05-14 11:38:58');
INSERT INTO `hz_lp` VALUES (10, '', '22000', '', '1393047516592869376', '2021-05-14 11:38:58', '2021-05-14 11:38:58');
INSERT INTO `hz_lp` VALUES (11, '', '8535', '', '1393047516592869376', '2021-05-14 11:38:58', '2021-05-14 11:38:58');
INSERT INTO `hz_lp` VALUES (12, '', '17600', '', '1393047516592869376', '2021-05-14 11:38:58', '2021-05-14 11:38:58');
INSERT INTO `hz_lp` VALUES (13, '', '21300', '', '1393047516592869376', '2021-05-14 11:38:58', '2021-05-14 11:38:58');
INSERT INTO `hz_lp` VALUES (14, '', '22000', '', '1393047516592869376', '2021-05-14 11:38:58', '2021-05-14 11:38:58');
INSERT INTO `hz_lp` VALUES (15, '', '价格待定', '', '1393047516592869376', '2021-05-14 11:38:58', '2021-05-14 11:38:58');
INSERT INTO `hz_lp` VALUES (16, '', '49000', '', '1393047516592869376', '2021-05-14 11:38:58', '2021-05-14 11:38:58');
INSERT INTO `hz_lp` VALUES (17, '', '30540', '', '1393047516592869376', '2021-05-14 11:38:58', '2021-05-14 11:38:58');
INSERT INTO `hz_lp` VALUES (18, '', '22000', '', '1393047516592869376', '2021-05-14 11:38:58', '2021-05-14 11:38:58');
INSERT INTO `hz_lp` VALUES (19, '', '价格待定', '', '1393047516592869376', '2021-05-14 11:38:58', '2021-05-14 11:38:58');
INSERT INTO `hz_lp` VALUES (20, '', '8535', '', '1393047516592869376', '2021-05-14 11:38:58', '2021-05-14 11:38:58');
INSERT INTO `hz_lp` VALUES (21, '', '价格待定', '', '1393047516592869376', '2021-05-14 11:38:58', '2021-05-14 11:38:58');
INSERT INTO `hz_lp` VALUES (22, '', '45000', '', '1393047516592869376', '2021-05-14 11:38:58', '2021-05-14 11:38:58');
INSERT INTO `hz_lp` VALUES (23, '', '8535', '', '1393047516592869376', '2021-05-14 11:38:58', '2021-05-14 11:38:58');
INSERT INTO `hz_lp` VALUES (24, '', '价格待定', '', '1393047516592869376', '2021-05-14 11:38:58', '2021-05-14 11:38:58');
INSERT INTO `hz_lp` VALUES (25, '', '2', '', '1393047516592869376', '2021-05-14 11:38:58', '2021-05-14 11:38:58');
INSERT INTO `hz_lp` VALUES (26, '', '25000', '', '1393047516592869376', '2021-05-14 11:38:58', '2021-05-14 11:38:58');
INSERT INTO `hz_lp` VALUES (27, '', '价格待定', '', '1393047516592869376', '2021-05-14 11:38:58', '2021-05-14 11:38:58');
INSERT INTO `hz_lp` VALUES (28, '', '46500', '', '1393047516592869376', '2021-05-14 11:38:58', '2021-05-14 11:38:58');
INSERT INTO `hz_lp` VALUES (29, '', '26000', '', '1393047516592869376', '2021-05-14 11:38:58', '2021-05-14 11:38:58');
INSERT INTO `hz_lp` VALUES (30, '', '27000', '', '1393047516592869376', '2021-05-14 11:38:58', '2021-05-14 11:38:58');
INSERT INTO `hz_lp` VALUES (31, '', '价格待定', '', '1393047516592869376', '2021-05-14 11:38:58', '2021-05-14 11:38:58');
INSERT INTO `hz_lp` VALUES (32, '', '26000', '', '1393047516592869376', '2021-05-14 11:38:58', '2021-05-14 11:38:58');
INSERT INTO `hz_lp` VALUES (33, '', '8535', '', '1393047516592869376', '2021-05-14 11:38:58', '2021-05-14 11:38:58');
INSERT INTO `hz_lp` VALUES (34, '', '26000', '', '1393047516592869376', '2021-05-14 11:38:58', '2021-05-14 11:38:58');
INSERT INTO `hz_lp` VALUES (35, '', '30000', '', '1393047516592869376', '2021-05-14 11:38:58', '2021-05-14 11:38:58');
INSERT INTO `hz_lp` VALUES (36, '', '46500', '', '1393047516592869376', '2021-05-14 11:38:58', '2021-05-14 11:38:58');
INSERT INTO `hz_lp` VALUES (37, '', '26000', '', '1393047516592869376', '2021-05-14 11:38:58', '2021-05-14 11:38:58');
INSERT INTO `hz_lp` VALUES (38, '', '8535', '', '1393047516592869376', '2021-05-14 11:38:58', '2021-05-14 11:38:58');
INSERT INTO `hz_lp` VALUES (39, '', '8535', '', '1393047516592869376', '2021-05-14 11:38:58', '2021-05-14 11:38:58');
INSERT INTO `hz_lp` VALUES (40, '', '8535', '', '1393047516592869376', '2021-05-14 11:38:58', '2021-05-14 11:38:58');
INSERT INTO `hz_lp` VALUES (41, '', '15500', '', '1393114541579177984', '2021-05-14 16:03:19', '2021-05-14 16:03:19');
INSERT INTO `hz_lp` VALUES (42, '', '8500', '', '1393114541579177984', '2021-05-14 16:03:19', '2021-05-14 16:03:19');
INSERT INTO `hz_lp` VALUES (43, '', '价格待定', '', '1393114541579177984', '2021-05-14 16:03:19', '2021-05-14 16:03:19');
INSERT INTO `hz_lp` VALUES (44, '', '30400', '', '1393114541579177984', '2021-05-14 16:03:19', '2021-05-14 16:03:19');
INSERT INTO `hz_lp` VALUES (45, '', '11900', '', '1393114541579177984', '2021-05-14 16:03:19', '2021-05-14 16:03:19');
INSERT INTO `hz_lp` VALUES (46, '', '36000', '', '1393114541579177984', '2021-05-14 16:03:19', '2021-05-14 16:03:19');
INSERT INTO `hz_lp` VALUES (47, '', '价格待定', '', '1393114541579177984', '2021-05-14 16:03:19', '2021-05-14 16:03:19');
INSERT INTO `hz_lp` VALUES (48, '', '8535', '', '1393114541579177984', '2021-05-14 16:03:19', '2021-05-14 16:03:19');
INSERT INTO `hz_lp` VALUES (49, '', '14500', '', '1393114541579177984', '2021-05-14 16:03:19', '2021-05-14 16:03:19');
INSERT INTO `hz_lp` VALUES (50, '', '22000', '', '1393114541579177984', '2021-05-14 16:03:19', '2021-05-14 16:03:19');
INSERT INTO `hz_lp` VALUES (51, '', '8535', '', '1393114541579177984', '2021-05-14 16:03:19', '2021-05-14 16:03:19');
INSERT INTO `hz_lp` VALUES (52, '', '17600', '', '1393114541579177984', '2021-05-14 16:03:19', '2021-05-14 16:03:19');
INSERT INTO `hz_lp` VALUES (53, '', '21300', '', '1393114541579177984', '2021-05-14 16:03:19', '2021-05-14 16:03:19');
INSERT INTO `hz_lp` VALUES (54, '', '46900', '', '1393114541579177984', '2021-05-14 16:03:19', '2021-05-14 16:03:19');
INSERT INTO `hz_lp` VALUES (55, '', '45000', '', '1393114541579177984', '2021-05-14 16:03:19', '2021-05-14 16:03:19');
INSERT INTO `hz_lp` VALUES (56, '', '49000', '', '1393114541579177984', '2021-05-14 16:03:19', '2021-05-14 16:03:19');
INSERT INTO `hz_lp` VALUES (57, '', '30540', '', '1393114541579177984', '2021-05-14 16:03:19', '2021-05-14 16:03:19');
INSERT INTO `hz_lp` VALUES (58, '', '22000', '', '1393114541579177984', '2021-05-14 16:03:19', '2021-05-14 16:03:19');
INSERT INTO `hz_lp` VALUES (59, '', '价格待定', '', '1393114541579177984', '2021-05-14 16:03:19', '2021-05-14 16:03:19');
INSERT INTO `hz_lp` VALUES (60, '', '8535', '', '1393114541579177984', '2021-05-14 16:03:19', '2021-05-14 16:03:19');
INSERT INTO `hz_lp` VALUES (61, '', '价格待定', '', '1393114541579177984', '2021-05-14 16:03:19', '2021-05-14 16:03:19');
INSERT INTO `hz_lp` VALUES (62, '', '45000', '', '1393114541579177984', '2021-05-14 16:03:19', '2021-05-14 16:03:19');
INSERT INTO `hz_lp` VALUES (63, '', '8535', '', '1393114541579177984', '2021-05-14 16:03:19', '2021-05-14 16:03:19');
INSERT INTO `hz_lp` VALUES (64, '', '价格待定', '', '1393114541579177984', '2021-05-14 16:03:19', '2021-05-14 16:03:19');
INSERT INTO `hz_lp` VALUES (65, '', '2', '', '1393114541579177984', '2021-05-14 16:03:19', '2021-05-14 16:03:19');
INSERT INTO `hz_lp` VALUES (66, '', '25000', '', '1393114541579177984', '2021-05-14 16:03:19', '2021-05-14 16:03:19');
INSERT INTO `hz_lp` VALUES (67, '', '价格待定', '', '1393114541579177984', '2021-05-14 16:03:19', '2021-05-14 16:03:19');
INSERT INTO `hz_lp` VALUES (68, '', '46500', '', '1393114541579177984', '2021-05-14 16:03:19', '2021-05-14 16:03:19');
INSERT INTO `hz_lp` VALUES (69, '', '26000', '', '1393114541579177984', '2021-05-14 16:03:19', '2021-05-14 16:03:19');
INSERT INTO `hz_lp` VALUES (70, '', '27000', '', '1393114541579177984', '2021-05-14 16:03:19', '2021-05-14 16:03:19');
INSERT INTO `hz_lp` VALUES (71, '', '价格待定', '', '1393114541579177984', '2021-05-14 16:03:19', '2021-05-14 16:03:19');
INSERT INTO `hz_lp` VALUES (72, '', '26000', '', '1393114541579177984', '2021-05-14 16:03:19', '2021-05-14 16:03:19');
INSERT INTO `hz_lp` VALUES (73, '', '8535', '', '1393114541579177984', '2021-05-14 16:03:19', '2021-05-14 16:03:19');
INSERT INTO `hz_lp` VALUES (74, '', '26000', '', '1393114541579177984', '2021-05-14 16:03:19', '2021-05-14 16:03:19');
INSERT INTO `hz_lp` VALUES (75, '', '46500', '', '1393114541579177984', '2021-05-14 16:03:19', '2021-05-14 16:03:19');
INSERT INTO `hz_lp` VALUES (76, '', '30000', '', '1393114541579177984', '2021-05-14 16:03:19', '2021-05-14 16:03:19');
INSERT INTO `hz_lp` VALUES (77, '', '26000', '', '1393114541579177984', '2021-05-14 16:03:19', '2021-05-14 16:03:19');
INSERT INTO `hz_lp` VALUES (78, '', '8535', '', '1393114541579177984', '2021-05-14 16:03:19', '2021-05-14 16:03:19');
INSERT INTO `hz_lp` VALUES (79, '', '8535', '', '1393114541579177984', '2021-05-14 16:03:19', '2021-05-14 16:03:19');
INSERT INTO `hz_lp` VALUES (80, '', '8535', '', '1393114541579177984', '2021-05-14 16:03:19', '2021-05-14 16:03:19');
INSERT INTO `hz_lp` VALUES (81, '', '15500', '', '1393131641823694848', '2021-05-14 17:11:12', '2021-05-14 17:11:12');
INSERT INTO `hz_lp` VALUES (82, '', '8500', '', '1393131641823694848', '2021-05-14 17:11:12', '2021-05-14 17:11:12');
INSERT INTO `hz_lp` VALUES (83, '', '价格待定', '', '1393131641823694848', '2021-05-14 17:11:12', '2021-05-14 17:11:12');
INSERT INTO `hz_lp` VALUES (84, '', '30400', '', '1393131641823694848', '2021-05-14 17:11:12', '2021-05-14 17:11:12');
INSERT INTO `hz_lp` VALUES (85, '', '11900', '', '1393131641823694848', '2021-05-14 17:11:12', '2021-05-14 17:11:12');
INSERT INTO `hz_lp` VALUES (86, '', '36000', '', '1393131641823694848', '2021-05-14 17:11:12', '2021-05-14 17:11:12');
INSERT INTO `hz_lp` VALUES (87, '', '价格待定', '', '1393131641823694848', '2021-05-14 17:11:12', '2021-05-14 17:11:12');
INSERT INTO `hz_lp` VALUES (88, '', '8535', '', '1393131641823694848', '2021-05-14 17:11:12', '2021-05-14 17:11:12');
INSERT INTO `hz_lp` VALUES (89, '', '14500', '', '1393131641823694848', '2021-05-14 17:11:12', '2021-05-14 17:11:12');
INSERT INTO `hz_lp` VALUES (90, '', '22000', '', '1393131641823694848', '2021-05-14 17:11:12', '2021-05-14 17:11:12');
INSERT INTO `hz_lp` VALUES (91, '', '8535', '', '1393131641823694848', '2021-05-14 17:11:12', '2021-05-14 17:11:12');
INSERT INTO `hz_lp` VALUES (92, '', '17600', '', '1393131641823694848', '2021-05-14 17:11:12', '2021-05-14 17:11:12');
INSERT INTO `hz_lp` VALUES (93, '', '21300', '', '1393131641823694848', '2021-05-14 17:11:12', '2021-05-14 17:11:12');
INSERT INTO `hz_lp` VALUES (94, '', '46900', '', '1393131641823694848', '2021-05-14 17:11:12', '2021-05-14 17:11:12');
INSERT INTO `hz_lp` VALUES (95, '', '45000', '', '1393131641823694848', '2021-05-14 17:11:12', '2021-05-14 17:11:12');
INSERT INTO `hz_lp` VALUES (96, '', '49000', '', '1393131641823694848', '2021-05-14 17:11:12', '2021-05-14 17:11:12');
INSERT INTO `hz_lp` VALUES (97, '', '30540', '', '1393131641823694848', '2021-05-14 17:11:12', '2021-05-14 17:11:12');
INSERT INTO `hz_lp` VALUES (98, '', '22000', '', '1393131641823694848', '2021-05-14 17:11:12', '2021-05-14 17:11:12');
INSERT INTO `hz_lp` VALUES (99, '', '价格待定', '', '1393131641823694848', '2021-05-14 17:11:12', '2021-05-14 17:11:12');
INSERT INTO `hz_lp` VALUES (100, '', '8535', '', '1393131641823694848', '2021-05-14 17:11:12', '2021-05-14 17:11:12');
INSERT INTO `hz_lp` VALUES (101, '', '价格待定', '', '1393131641823694848', '2021-05-14 17:11:12', '2021-05-14 17:11:12');
INSERT INTO `hz_lp` VALUES (102, '', '45000', '', '1393131641823694848', '2021-05-14 17:11:12', '2021-05-14 17:11:12');
INSERT INTO `hz_lp` VALUES (103, '', '8535', '', '1393131641823694848', '2021-05-14 17:11:12', '2021-05-14 17:11:12');
INSERT INTO `hz_lp` VALUES (104, '', '价格待定', '', '1393131641823694848', '2021-05-14 17:11:12', '2021-05-14 17:11:12');
INSERT INTO `hz_lp` VALUES (105, '', '2', '', '1393131641823694848', '2021-05-14 17:11:12', '2021-05-14 17:11:12');
INSERT INTO `hz_lp` VALUES (106, '', '25000', '', '1393131641823694848', '2021-05-14 17:11:12', '2021-05-14 17:11:12');
INSERT INTO `hz_lp` VALUES (107, '', '价格待定', '', '1393131641823694848', '2021-05-14 17:11:12', '2021-05-14 17:11:12');
INSERT INTO `hz_lp` VALUES (108, '', '46500', '', '1393131641823694848', '2021-05-14 17:11:12', '2021-05-14 17:11:12');
INSERT INTO `hz_lp` VALUES (109, '', '26000', '', '1393131641823694848', '2021-05-14 17:11:12', '2021-05-14 17:11:12');
INSERT INTO `hz_lp` VALUES (110, '', '27000', '', '1393131641823694848', '2021-05-14 17:11:12', '2021-05-14 17:11:12');
INSERT INTO `hz_lp` VALUES (111, '', '价格待定', '', '1393131641823694848', '2021-05-14 17:11:12', '2021-05-14 17:11:12');
INSERT INTO `hz_lp` VALUES (112, '', '26000', '', '1393131641823694848', '2021-05-14 17:11:12', '2021-05-14 17:11:12');
INSERT INTO `hz_lp` VALUES (113, '', '8535', '', '1393131641823694848', '2021-05-14 17:11:12', '2021-05-14 17:11:12');
INSERT INTO `hz_lp` VALUES (114, '', '26000', '', '1393131641823694848', '2021-05-14 17:11:12', '2021-05-14 17:11:12');
INSERT INTO `hz_lp` VALUES (115, '', '46500', '', '1393131641823694848', '2021-05-14 17:11:12', '2021-05-14 17:11:12');
INSERT INTO `hz_lp` VALUES (116, '', '30000', '', '1393131641823694848', '2021-05-14 17:11:12', '2021-05-14 17:11:12');
INSERT INTO `hz_lp` VALUES (117, '', '26000', '', '1393131641823694848', '2021-05-14 17:11:12', '2021-05-14 17:11:12');
INSERT INTO `hz_lp` VALUES (118, '', '8535', '', '1393131641823694848', '2021-05-14 17:11:12', '2021-05-14 17:11:12');
INSERT INTO `hz_lp` VALUES (119, '', '8535', '', '1393131641823694848', '2021-05-14 17:11:12', '2021-05-14 17:11:12');
INSERT INTO `hz_lp` VALUES (120, '', '8535', '', '1393131641823694848', '2021-05-14 17:11:12', '2021-05-14 17:11:12');

-- ----------------------------
-- Table structure for spider_movie_info
-- ----------------------------
DROP TABLE IF EXISTS `spider_movie_info`;
CREATE TABLE `spider_movie_info`  (
  `id` bigint(0) NOT NULL AUTO_INCREMENT,
  `rate` text CHARACTER SET utf8mb4 COLLATE utf8mb4_0900_ai_ci NULL,
  `title` text CHARACTER SET utf8mb4 COLLATE utf8mb4_0900_ai_ci NULL,
  `url` text CHARACTER SET utf8mb4 COLLATE utf8mb4_0900_ai_ci NULL,
  `batch_id` char(64) CHARACTER SET utf8mb4 COLLATE utf8mb4_0900_ai_ci NULL DEFAULT NULL,
  `create_time` datetime(0) NULL DEFAULT NULL,
  `modify_time` datetime(0) NULL DEFAULT NULL,
  PRIMARY KEY (`id`) USING BTREE
) ENGINE = InnoDB AUTO_INCREMENT = 757 CHARACTER SET = utf8mb4 COLLATE = utf8mb4_0900_ai_ci ROW_FORMAT = Dynamic;

-- ----------------------------
-- Records of spider_movie_info
-- ----------------------------
INSERT INTO `spider_movie_info` VALUES (1, '6.2', '异国阴宅', 'https://www.wuhaozhan.net/movie/1013150', '1393087421255651328', '2021-05-14 14:53:35', '2021-05-14 14:53:35');
INSERT INTO `spider_movie_info` VALUES (2, '暂无评分', '热气', 'https://www.wuhaozhan.net/movie/1004602', '1393087421255651328', '2021-05-14 14:53:35', '2021-05-14 14:53:35');
INSERT INTO `spider_movie_info` VALUES (3, '6.5', '欲火烈爱', 'https://www.wuhaozhan.net/movie/1013179', '1393087421255651328', '2021-05-14 14:53:35', '2021-05-14 14:53:35');
INSERT INTO `spider_movie_info` VALUES (4, '暂无评分', '倩女仙缘', 'https://www.wuhaozhan.net/movie/1013208', '1393087421255651328', '2021-05-14 14:53:35', '2021-05-14 14:53:35');
INSERT INTO `spider_movie_info` VALUES (5, '暂无评分', '来日方长', 'https://www.wuhaozhan.net/movie/1013223', '1393087421255651328', '2021-05-14 14:53:35', '2021-05-14 14:53:35');
INSERT INTO `spider_movie_info` VALUES (6, '暂无评分', '肆年', 'https://www.wuhaozhan.net/movie/1013076', '1393087421255651328', '2021-05-14 14:53:35', '2021-05-14 14:53:35');
INSERT INTO `spider_movie_info` VALUES (7, '7.1', '魔法少女伊莉雅：百变嘉年华', 'https://www.wuhaozhan.net/movie/1013106', '1393087421255651328', '2021-05-14 14:53:35', '2021-05-14 14:53:35');
INSERT INTO `spider_movie_info` VALUES (8, '4.3', 'P1H: 新世界的开始', 'https://www.wuhaozhan.net/movie/1013115', '1393087421255651328', '2021-05-14 14:53:35', '2021-05-14 14:53:35');
INSERT INTO `spider_movie_info` VALUES (9, '6.7', '停尸房收藏', 'https://www.wuhaozhan.net/movie/1013133', '1393087421255651328', '2021-05-14 14:53:35', '2021-05-14 14:53:35');
INSERT INTO `spider_movie_info` VALUES (10, '7.6', '鸟类变形记', 'https://www.wuhaozhan.net/movie/1013244', '1393087421255651328', '2021-05-14 14:53:35', '2021-05-14 14:53:35');
INSERT INTO `spider_movie_info` VALUES (11, '6.5', '伊兹的礼物', 'https://www.wuhaozhan.net/movie/1001037', '1393087421255651328', '2021-05-14 14:53:35', '2021-05-14 14:53:35');
INSERT INTO `spider_movie_info` VALUES (12, '7.4', '飞翔吧！埼玉', 'https://www.wuhaozhan.net/movie/1004674', '1393087421255651328', '2021-05-14 14:53:35', '2021-05-14 14:53:35');
INSERT INTO `spider_movie_info` VALUES (13, '7.2', '哗众之人', 'https://www.wuhaozhan.net/movie/1001027', '1393087421255651328', '2021-05-14 14:53:35', '2021-05-14 14:53:35');
INSERT INTO `spider_movie_info` VALUES (14, '暂无评分', '赛尔号大电影7：疯狂机器城', 'https://www.wuhaozhan.net/movie/1004739', '1393087421255651328', '2021-05-14 14:53:35', '2021-05-14 14:53:35');
INSERT INTO `spider_movie_info` VALUES (15, '2.3', '恐怖浴室', 'https://www.wuhaozhan.net/movie/1001016', '1393087421255651328', '2021-05-14 14:53:35', '2021-05-14 14:53:35');
INSERT INTO `spider_movie_info` VALUES (16, '6.3', '女孩我最高', 'https://www.wuhaozhan.net/movie/1004726', '1393087421255651328', '2021-05-14 14:53:35', '2021-05-14 14:53:35');
INSERT INTO `spider_movie_info` VALUES (17, '4.2', '天下第一镖局', 'https://www.wuhaozhan.net/movie/1001006', '1393087421255651328', '2021-05-14 14:53:35', '2021-05-14 14:53:35');
INSERT INTO `spider_movie_info` VALUES (18, '7.9', '蜘蛛侠：英雄远征', 'https://www.wuhaozhan.net/movie/1004673', '1393087421255651328', '2021-05-14 14:53:35', '2021-05-14 14:53:35');
INSERT INTO `spider_movie_info` VALUES (19, '4.9', '河流如血', 'https://www.wuhaozhan.net/movie/1000994', '1393087421255651328', '2021-05-14 14:53:35', '2021-05-14 14:53:35');
INSERT INTO `spider_movie_info` VALUES (20, '5.5', '正义的子弹', 'https://www.wuhaozhan.net/movie/1013053', '1393087421255651328', '2021-05-14 14:53:35', '2021-05-14 14:53:35');
INSERT INTO `spider_movie_info` VALUES (21, '暂无评分', '天马行空的铃木', 'https://www.wuhaozhan.net/movie/1004694', '1393087421255651328', '2021-05-14 14:53:35', '2021-05-14 14:53:35');
INSERT INTO `spider_movie_info` VALUES (22, '5.3', '分时度假', 'https://www.wuhaozhan.net/movie/1000983', '1393087421255651328', '2021-05-14 14:53:35', '2021-05-14 14:53:35');
INSERT INTO `spider_movie_info` VALUES (23, '4.6', '妖法', 'https://www.wuhaozhan.net/movie/1004669', '1393087421255651328', '2021-05-14 14:53:35', '2021-05-14 14:53:35');
INSERT INTO `spider_movie_info` VALUES (24, '5.8', '快乐之后', 'https://www.wuhaozhan.net/movie/1000973', '1393087421255651328', '2021-05-14 14:53:35', '2021-05-14 14:53:35');
INSERT INTO `spider_movie_info` VALUES (25, '暂无评分', '说谎者游戏', 'https://www.wuhaozhan.net/movie/1004652', '1393087421255651328', '2021-05-14 14:53:35', '2021-05-14 14:53:35');
INSERT INTO `spider_movie_info` VALUES (26, '6.2', '戈斯内尔：美国连环杀手', 'https://www.wuhaozhan.net/movie/1000963', '1393087421255651328', '2021-05-14 14:53:35', '2021-05-14 14:53:35');
INSERT INTO `spider_movie_info` VALUES (27, '9.0', '最大的小小农场', 'https://www.wuhaozhan.net/movie/1004634', '1393087421255651328', '2021-05-14 14:53:35', '2021-05-14 14:53:35');
INSERT INTO `spider_movie_info` VALUES (28, '7.1', '自由了！', 'https://www.wuhaozhan.net/movie/1000951', '1393087421255651328', '2021-05-14 14:53:35', '2021-05-14 14:53:35');
INSERT INTO `spider_movie_info` VALUES (29, '暂无评分', '看不见的苏', 'https://www.wuhaozhan.net/movie/1004622', '1393087421255651328', '2021-05-14 14:53:35', '2021-05-14 14:53:35');
INSERT INTO `spider_movie_info` VALUES (30, '4.0', '狄仁杰之轮回图', 'https://www.wuhaozhan.net/movie/1000941', '1393087421255651328', '2021-05-14 14:53:35', '2021-05-14 14:53:35');
INSERT INTO `spider_movie_info` VALUES (31, '6.3', '侏罗纪世界：白垩纪营地', 'https://www.wuhaozhan.net/movie/1012866', '1393087421255651328', '2021-05-14 14:53:35', '2021-05-14 14:53:35');
INSERT INTO `spider_movie_info` VALUES (32, '暂无评分', '双面甜心', 'https://www.wuhaozhan.net/movie/1004793', '1393087421255651328', '2021-05-14 14:53:35', '2021-05-14 14:53:35');
INSERT INTO `spider_movie_info` VALUES (33, '6.0', '美国化妆师', 'https://www.wuhaozhan.net/movie/1001049', '1393087421255651328', '2021-05-14 14:53:35', '2021-05-14 14:53:35');
INSERT INTO `spider_movie_info` VALUES (34, '暂无评分', '基础所需', 'https://www.wuhaozhan.net/movie/1012891', '1393087421255651328', '2021-05-14 14:53:35', '2021-05-14 14:53:35');
INSERT INTO `spider_movie_info` VALUES (35, '5.3', '极恶之地', 'https://www.wuhaozhan.net/movie/1004778', '1393087421255651328', '2021-05-14 14:53:35', '2021-05-14 14:53:35');
INSERT INTO `spider_movie_info` VALUES (36, '暂无评分', '代孕的你', 'https://www.wuhaozhan.net/movie/1012927', '1393087421255651328', '2021-05-14 14:53:35', '2021-05-14 14:53:35');
INSERT INTO `spider_movie_info` VALUES (37, '暂无评分', '迪克·约翰逊已死', 'https://www.wuhaozhan.net/movie/1012960', '1393087421255651328', '2021-05-14 14:53:35', '2021-05-14 14:53:35');
INSERT INTO `spider_movie_info` VALUES (38, '暂无评分', '桑塔纳兄弟', 'https://www.wuhaozhan.net/movie/1012777', '1393087421255651328', '2021-05-14 14:53:35', '2021-05-14 14:53:35');
INSERT INTO `spider_movie_info` VALUES (39, '暂无评分', '足够的土地', 'https://www.wuhaozhan.net/movie/1012804', '1393087421255651328', '2021-05-14 14:53:35', '2021-05-14 14:53:35');
INSERT INTO `spider_movie_info` VALUES (40, '5.3', '臆想魔友', 'https://www.wuhaozhan.net/movie/1012832', '1393087421255651328', '2021-05-14 14:53:35', '2021-05-14 14:53:35');
INSERT INTO `spider_movie_info` VALUES (41, '4.7', '拥有者', 'https://www.wuhaozhan.net/movie/1012850', '1393087421255651328', '2021-05-14 14:53:35', '2021-05-14 14:53:35');
INSERT INTO `spider_movie_info` VALUES (42, '6.4', '破浪而出', 'https://www.wuhaozhan.net/movie/1012987', '1393087421255651328', '2021-05-14 14:53:35', '2021-05-14 14:53:35');
INSERT INTO `spider_movie_info` VALUES (43, '5.8', '2067', 'https://www.wuhaozhan.net/movie/1013034', '1393087421255651328', '2021-05-14 14:53:35', '2021-05-14 14:53:35');
INSERT INTO `spider_movie_info` VALUES (44, '6.3', '灿烂岁月', 'https://www.wuhaozhan.net/movie/1001146', '1393087421255651328', '2021-05-14 14:53:35', '2021-05-14 14:53:35');
INSERT INTO `spider_movie_info` VALUES (45, '暂无评分', '千尸屋3', 'https://www.wuhaozhan.net/movie/1004984', '1393087421255651328', '2021-05-14 14:53:35', '2021-05-14 14:53:35');
INSERT INTO `spider_movie_info` VALUES (46, '6.7', '法律的阴影', 'https://www.wuhaozhan.net/movie/1001136', '1393087421255651328', '2021-05-14 14:53:35', '2021-05-14 14:53:35');
INSERT INTO `spider_movie_info` VALUES (47, '暂无评分', '锅盖头4：回归法制', 'https://www.wuhaozhan.net/movie/1004961', '1393087421255651328', '2021-05-14 14:53:35', '2021-05-14 14:53:35');
INSERT INTO `spider_movie_info` VALUES (48, '7.7', '秘密结晶', 'https://www.wuhaozhan.net/movie/1001123', '1393087421255651328', '2021-05-14 14:53:35', '2021-05-14 14:53:35');
INSERT INTO `spider_movie_info` VALUES (49, '暂无评分', '内疚', 'https://www.wuhaozhan.net/movie/1004920', '1393087421255651328', '2021-05-14 14:53:35', '2021-05-14 14:53:35');
INSERT INTO `spider_movie_info` VALUES (50, '2.6', '泡菜爱上小龙虾', 'https://www.wuhaozhan.net/movie/1001113', '1393087421255651328', '2021-05-14 14:53:35', '2021-05-14 14:53:35');
INSERT INTO `spider_movie_info` VALUES (51, '暂无评分', '利亚的鬼魂', 'https://www.wuhaozhan.net/movie/1004893', '1393087421255651328', '2021-05-14 14:53:35', '2021-05-14 14:53:35');
INSERT INTO `spider_movie_info` VALUES (52, '3.7', '冰封迷案', 'https://www.wuhaozhan.net/movie/1001103', '1393087421255651328', '2021-05-14 14:53:35', '2021-05-14 14:53:35');
INSERT INTO `spider_movie_info` VALUES (53, '暂无评分', '人来人往', 'https://www.wuhaozhan.net/movie/1004877', '1393087421255651328', '2021-05-14 14:53:35', '2021-05-14 14:53:35');
INSERT INTO `spider_movie_info` VALUES (54, '4.3', '杀无赦III背水一战', 'https://www.wuhaozhan.net/movie/1001093', '1393087421255651328', '2021-05-14 14:53:35', '2021-05-14 14:53:35');
INSERT INTO `spider_movie_info` VALUES (55, '6.2', '伦敦糖果', 'https://www.wuhaozhan.net/movie/1004854', '1393087421255651328', '2021-05-14 14:53:35', '2021-05-14 14:53:35');
INSERT INTO `spider_movie_info` VALUES (56, '4.9', '花花子弟', 'https://www.wuhaozhan.net/movie/1001082', '1393087421255651328', '2021-05-14 14:53:35', '2021-05-14 14:53:35');
INSERT INTO `spider_movie_info` VALUES (57, '暂无评分', '猎袭', 'https://www.wuhaozhan.net/movie/1004831', '1393087421255651328', '2021-05-14 14:53:35', '2021-05-14 14:53:35');
INSERT INTO `spider_movie_info` VALUES (58, '5.3', '失踪谜案', 'https://www.wuhaozhan.net/movie/1001071', '1393087421255651328', '2021-05-14 14:53:35', '2021-05-14 14:53:35');
INSERT INTO `spider_movie_info` VALUES (59, '5.7', '保持沉默', 'https://www.wuhaozhan.net/movie/1004804', '1393087421255651328', '2021-05-14 14:53:35', '2021-05-14 14:53:35');
INSERT INTO `spider_movie_info` VALUES (60, '5.7', '生死竞赛 3', 'https://www.wuhaozhan.net/movie/1001059', '1393087421255651328', '2021-05-14 14:53:35', '2021-05-14 14:53:35');
INSERT INTO `spider_movie_info` VALUES (61, '5.5', '公主大对换：反转再反转', 'https://www.wuhaozhan.net/movie/1013545', '1393087421255651328', '2021-05-14 14:53:35', '2021-05-14 14:53:35');
INSERT INTO `spider_movie_info` VALUES (62, '暂无评分', '功夫之城', 'https://www.wuhaozhan.net/movie/1013562', '1393087421255651328', '2021-05-14 14:53:35', '2021-05-14 14:53:35');
INSERT INTO `spider_movie_info` VALUES (63, '暂无评分', '禁武令之九幽烛龙', 'https://www.wuhaozhan.net/movie/1013582', '1393087421255651328', '2021-05-14 14:53:35', '2021-05-14 14:53:35');
INSERT INTO `spider_movie_info` VALUES (64, '8.1', '悲惨世界2019', 'https://www.wuhaozhan.net/movie/1013500', '1393087421255651328', '2021-05-14 14:53:35', '2021-05-14 14:53:35');
INSERT INTO `spider_movie_info` VALUES (65, '暂无评分', '南拳之英雄崛起', 'https://www.wuhaozhan.net/movie/1013510', '1393087421255651328', '2021-05-14 14:53:35', '2021-05-14 14:53:35');
INSERT INTO `spider_movie_info` VALUES (66, '6.3', '章西女王', 'https://www.wuhaozhan.net/movie/1013521', '1393087421255651328', '2021-05-14 14:53:35', '2021-05-14 14:53:35');
INSERT INTO `spider_movie_info` VALUES (67, '7.9', '气球2019', 'https://www.wuhaozhan.net/movie/1013528', '1393087421255651328', '2021-05-14 14:53:35', '2021-05-14 14:53:35');
INSERT INTO `spider_movie_info` VALUES (68, '5.9', '人狼游戏：地狱', 'https://www.wuhaozhan.net/movie/1000815', '1393087421255651328', '2021-05-14 14:53:35', '2021-05-14 14:53:35');
INSERT INTO `spider_movie_info` VALUES (69, '暂无评分', '冰封恋爱', 'https://www.wuhaozhan.net/movie/1004420', '1393087421255651328', '2021-05-14 14:53:35', '2021-05-14 14:53:35');
INSERT INTO `spider_movie_info` VALUES (70, '7.0', '袭击', 'https://www.wuhaozhan.net/movie/1000803', '1393087421255651328', '2021-05-14 14:53:35', '2021-05-14 14:53:35');
INSERT INTO `spider_movie_info` VALUES (71, '暂无评分', '僵尸高校2', 'https://www.wuhaozhan.net/movie/1006670', '1393087421255651328', '2021-05-14 14:53:35', '2021-05-14 14:53:35');
INSERT INTO `spider_movie_info` VALUES (72, '5.9', '偷心女盗', 'https://www.wuhaozhan.net/movie/1004406', '1393087421255651328', '2021-05-14 14:53:35', '2021-05-14 14:53:35');
INSERT INTO `spider_movie_info` VALUES (73, '4.0', '幻视', 'https://www.wuhaozhan.net/movie/1000790', '1393087421255651328', '2021-05-14 14:53:35', '2021-05-14 14:53:35');
INSERT INTO `spider_movie_info` VALUES (74, '暂无评分', '他人之悲', 'https://www.wuhaozhan.net/movie/1006653', '1393087421255651328', '2021-05-14 14:53:35', '2021-05-14 14:53:35');
INSERT INTO `spider_movie_info` VALUES (75, '暂无评分', '对号入座', 'https://www.wuhaozhan.net/movie/1004384', '1393087421255651328', '2021-05-14 14:53:35', '2021-05-14 14:53:35');
INSERT INTO `spider_movie_info` VALUES (76, '5.7', '黑暗之中', 'https://www.wuhaozhan.net/movie/1000780', '1393087421255651328', '2021-05-14 14:53:35', '2021-05-14 14:53:35');
INSERT INTO `spider_movie_info` VALUES (77, '6.7', '尼斯大冒险', 'https://www.wuhaozhan.net/movie/1006634', '1393087421255651328', '2021-05-14 14:53:35', '2021-05-14 14:53:35');
INSERT INTO `spider_movie_info` VALUES (78, '暂无评分', '12岁', 'https://www.wuhaozhan.net/movie/1004368', '1393087421255651328', '2021-05-14 14:53:35', '2021-05-14 14:53:35');
INSERT INTO `spider_movie_info` VALUES (79, '6.8', '滑板厨房', 'https://www.wuhaozhan.net/movie/1000770', '1393087421255651328', '2021-05-14 14:53:35', '2021-05-14 14:53:35');
INSERT INTO `spider_movie_info` VALUES (80, '4.8', '僵尸飞鲨', 'https://www.wuhaozhan.net/movie/1013443', '1393087421255651328', '2021-05-14 14:53:35', '2021-05-14 14:53:35');
INSERT INTO `spider_movie_info` VALUES (81, '7.2', '现代应召女郎', 'https://www.wuhaozhan.net/movie/1006614', '1393087421255651328', '2021-05-14 14:53:35', '2021-05-14 14:53:35');
INSERT INTO `spider_movie_info` VALUES (82, '暂无评分', '帕美嘉', 'https://www.wuhaozhan.net/movie/1004348', '1393087421255651328', '2021-05-14 14:53:35', '2021-05-14 14:53:35');
INSERT INTO `spider_movie_info` VALUES (83, '5.0', '门', 'https://www.wuhaozhan.net/movie/1000759', '1393087421255651328', '2021-05-14 14:53:35', '2021-05-14 14:53:35');
INSERT INTO `spider_movie_info` VALUES (84, '5.0', '海滨别墅', 'https://www.wuhaozhan.net/movie/1013459', '1393087421255651328', '2021-05-14 14:53:35', '2021-05-14 14:53:35');
INSERT INTO `spider_movie_info` VALUES (85, '7.7', '饥饿站台', 'https://www.wuhaozhan.net/movie/1006545', '1393087421255651328', '2021-05-14 14:53:35', '2021-05-14 14:53:35');
INSERT INTO `spider_movie_info` VALUES (86, '暂无评分', '实习刑警吴见识', 'https://www.wuhaozhan.net/movie/1004324', '1393087421255651328', '2021-05-14 14:53:35', '2021-05-14 14:53:35');
INSERT INTO `spider_movie_info` VALUES (87, '6.2', '贝鲁特', 'https://www.wuhaozhan.net/movie/1000749', '1393087421255651328', '2021-05-14 14:53:35', '2021-05-14 14:53:35');
INSERT INTO `spider_movie_info` VALUES (88, '7.1', '悲喜交加', 'https://www.wuhaozhan.net/movie/1013436', '1393087421255651328', '2021-05-14 14:53:35', '2021-05-14 14:53:35');
INSERT INTO `spider_movie_info` VALUES (89, '8.5', '为美好的世界献上祝福！红传说', 'https://www.wuhaozhan.net/movie/1006583', '1393087421255651328', '2021-05-14 14:53:35', '2021-05-14 14:53:35');
INSERT INTO `spider_movie_info` VALUES (90, '暂无评分', '老太啦啦队', 'https://www.wuhaozhan.net/movie/1004312', '1393087421255651328', '2021-05-14 14:53:35', '2021-05-14 14:53:35');
INSERT INTO `spider_movie_info` VALUES (91, '4.5', '四平青年之喋血曼谷', 'https://www.wuhaozhan.net/movie/1000739', '1393087421255651328', '2021-05-14 14:53:35', '2021-05-14 14:53:35');
INSERT INTO `spider_movie_info` VALUES (92, '7.9', '从宫本到你', 'https://www.wuhaozhan.net/movie/1006572', '1393087421255651328', '2021-05-14 14:53:35', '2021-05-14 14:53:35');
INSERT INTO `spider_movie_info` VALUES (93, '暂无评分', '怪案', 'https://www.wuhaozhan.net/movie/1004297', '1393087421255651328', '2021-05-14 14:53:35', '2021-05-14 14:53:35');
INSERT INTO `spider_movie_info` VALUES (94, '6.0', '缉妖法海传', 'https://www.wuhaozhan.net/movie/1000727', '1393087421255651328', '2021-05-14 14:53:35', '2021-05-14 14:53:35');
INSERT INTO `spider_movie_info` VALUES (95, '7.2', '爱玛。', 'https://www.wuhaozhan.net/movie/1006552', '1393087421255651328', '2021-05-14 14:53:35', '2021-05-14 14:53:35');
INSERT INTO `spider_movie_info` VALUES (96, '暂无评分', '幽灵女孩', 'https://www.wuhaozhan.net/movie/1004274', '1393087421255651328', '2021-05-14 14:53:35', '2021-05-14 14:53:35');
INSERT INTO `spider_movie_info` VALUES (97, '7.2', '索非亚园区', 'https://www.wuhaozhan.net/movie/1000716', '1393087421255651328', '2021-05-14 14:53:35', '2021-05-14 14:53:35');
INSERT INTO `spider_movie_info` VALUES (98, '7.0', '音乐家', 'https://www.wuhaozhan.net/movie/1006530', '1393087421255651328', '2021-05-14 14:53:35', '2021-05-14 14:53:35');
INSERT INTO `spider_movie_info` VALUES (99, '暂无评分', '六月夏初', 'https://www.wuhaozhan.net/movie/1004259', '1393087421255651328', '2021-05-14 14:53:35', '2021-05-14 14:53:35');
INSERT INTO `spider_movie_info` VALUES (100, '7.9', '迪丽丽的奇幻巴黎', 'https://www.wuhaozhan.net/movie/1006512', '1393087421255651328', '2021-05-14 14:53:35', '2021-05-14 14:53:35');
INSERT INTO `spider_movie_info` VALUES (101, '暂无评分', '金属之声', 'https://www.wuhaozhan.net/movie/1013374', '1393087421255651328', '2021-05-14 14:53:35', '2021-05-14 14:53:35');
INSERT INTO `spider_movie_info` VALUES (102, '7.1', '无尽的战壕', 'https://www.wuhaozhan.net/movie/1006688', '1393087421255651328', '2021-05-14 14:53:35', '2021-05-14 14:53:35');
INSERT INTO `spider_movie_info` VALUES (103, '8.2', '分租', 'https://www.wuhaozhan.net/movie/1013390', '1393087421255651328', '2021-05-14 14:53:35', '2021-05-14 14:53:35');
INSERT INTO `spider_movie_info` VALUES (104, '6.1', '37岁', 'https://www.wuhaozhan.net/movie/1013411', '1393087421255651328', '2021-05-14 14:53:35', '2021-05-14 14:53:35');
INSERT INTO `spider_movie_info` VALUES (105, '7.4', '温蒂妮', 'https://www.wuhaozhan.net/movie/1006866', '1393087421255651328', '2021-05-14 14:53:35', '2021-05-14 14:53:35');
INSERT INTO `spider_movie_info` VALUES (106, '暂无评分', '侠客无名', 'https://www.wuhaozhan.net/movie/1013305', '1393087421255651328', '2021-05-14 14:53:35', '2021-05-14 14:53:35');
INSERT INTO `spider_movie_info` VALUES (107, '7.6', '最幸福的季节', 'https://www.wuhaozhan.net/movie/1013324', '1393087421255651328', '2021-05-14 14:53:35', '2021-05-14 14:53:35');
INSERT INTO `spider_movie_info` VALUES (108, '6.5', '领袖水准', 'https://www.wuhaozhan.net/movie/1013340', '1393087421255651328', '2021-05-14 14:53:35', '2021-05-14 14:53:35');
INSERT INTO `spider_movie_info` VALUES (109, '6.8', '砍人快乐', 'https://www.wuhaozhan.net/movie/1013362', '1393087421255651328', '2021-05-14 14:53:35', '2021-05-14 14:53:35');
INSERT INTO `spider_movie_info` VALUES (110, '5.2', '亲爱的独裁者', 'https://www.wuhaozhan.net/movie/1000929', '1393087421255651328', '2021-05-14 14:53:35', '2021-05-14 14:53:35');
INSERT INTO `spider_movie_info` VALUES (111, '7.6', '小学生老板娘', 'https://www.wuhaozhan.net/movie/1004576', '1393087421255651328', '2021-05-14 14:53:35', '2021-05-14 14:53:35');
INSERT INTO `spider_movie_info` VALUES (112, '5.9', '抹大拉的玛丽亚', 'https://www.wuhaozhan.net/movie/1000918', '1393087421255651328', '2021-05-14 14:53:35', '2021-05-14 14:53:35');
INSERT INTO `spider_movie_info` VALUES (113, '7.1', '速度与激情8', 'https://www.wuhaozhan.net/movie/1007653', '1393087421255651328', '2021-05-14 14:53:35', '2021-05-14 14:53:35');
INSERT INTO `spider_movie_info` VALUES (114, '暂无评分', '青色归途', 'https://www.wuhaozhan.net/movie/1004562', '1393087421255651328', '2021-05-14 14:53:35', '2021-05-14 14:53:35');
INSERT INTO `spider_movie_info` VALUES (115, '6.8', '天使降临', 'https://www.wuhaozhan.net/movie/1000906', '1393087421255651328', '2021-05-14 14:53:35', '2021-05-14 14:53:35');
INSERT INTO `spider_movie_info` VALUES (116, '8.9', '请以你的名字呼唤我', 'https://www.wuhaozhan.net/movie/1007643', '1393087421255651328', '2021-05-14 14:53:35', '2021-05-14 14:53:35');
INSERT INTO `spider_movie_info` VALUES (117, '暂无评分', '血溅鸳鸯楼', 'https://www.wuhaozhan.net/movie/1004550', '1393087421255651328', '2021-05-14 14:53:35', '2021-05-14 14:53:35');
INSERT INTO `spider_movie_info` VALUES (118, '9.4', '绝对要赢 羽生结弦 向自己发起的挑战', 'https://www.wuhaozhan.net/movie/1000895', '1393087421255651328', '2021-05-14 14:53:35', '2021-05-14 14:53:35');
INSERT INTO `spider_movie_info` VALUES (119, '暂无评分', '亚洲之女', 'https://www.wuhaozhan.net/movie/1006846', '1393087421255651328', '2021-05-14 14:53:35', '2021-05-14 14:53:35');
INSERT INTO `spider_movie_info` VALUES (120, '8.6', '戴夫·查普尔：一笑置之', 'https://www.wuhaozhan.net/movie/1004534', '1393087421255651328', '2021-05-14 14:53:35', '2021-05-14 14:53:35');
INSERT INTO `spider_movie_info` VALUES (121, '4.8', '大梦西游4伏妖记', 'https://www.wuhaozhan.net/movie/1000883', '1393087421255651328', '2021-05-14 14:53:35', '2021-05-14 14:53:35');
INSERT INTO `spider_movie_info` VALUES (122, '暂无评分', '改变你，改变我', 'https://www.wuhaozhan.net/movie/1013264', '1393087421255651328', '2021-05-14 14:53:35', '2021-05-14 14:53:35');
INSERT INTO `spider_movie_info` VALUES (123, '8.4', '标准之外', 'https://www.wuhaozhan.net/movie/1006829', '1393087421255651328', '2021-05-14 14:53:35', '2021-05-14 14:53:35');
INSERT INTO `spider_movie_info` VALUES (124, '7.0', '患难兄弟情', 'https://www.wuhaozhan.net/movie/1004520', '1393087421255651328', '2021-05-14 14:53:35', '2021-05-14 14:53:35');
INSERT INTO `spider_movie_info` VALUES (125, '5.4', '买下我', 'https://www.wuhaozhan.net/movie/1000872', '1393087421255651328', '2021-05-14 14:53:35', '2021-05-14 14:53:35');
INSERT INTO `spider_movie_info` VALUES (126, '6.8', '乡下人的悲歌', 'https://www.wuhaozhan.net/movie/1013283', '1393087421255651328', '2021-05-14 14:53:35', '2021-05-14 14:53:35');
INSERT INTO `spider_movie_info` VALUES (127, '5.2', '梦幻岛', 'https://www.wuhaozhan.net/movie/1006811', '1393087421255651328', '2021-05-14 14:53:35', '2021-05-14 14:53:35');
INSERT INTO `spider_movie_info` VALUES (128, '6.8', '福尔图娜之瞳', 'https://www.wuhaozhan.net/movie/1004499', '1393087421255651328', '2021-05-14 14:53:35', '2021-05-14 14:53:35');
INSERT INTO `spider_movie_info` VALUES (129, '6.4', '美丽', 'https://www.wuhaozhan.net/movie/1000861', '1393087421255651328', '2021-05-14 14:53:35', '2021-05-14 14:53:35');
INSERT INTO `spider_movie_info` VALUES (130, '7.0', '无声的抵抗', 'https://www.wuhaozhan.net/movie/1006785', '1393087421255651328', '2021-05-14 14:53:35', '2021-05-14 14:53:35');
INSERT INTO `spider_movie_info` VALUES (131, '暂无评分', '无上婚宴', 'https://www.wuhaozhan.net/movie/1004480', '1393087421255651328', '2021-05-14 14:53:35', '2021-05-14 14:53:35');
INSERT INTO `spider_movie_info` VALUES (132, '8.6', '擅长捉弄人的高木同学OVA：水滑梯', 'https://www.wuhaozhan.net/movie/1000847', '1393087421255651328', '2021-05-14 14:53:35', '2021-05-14 14:53:35');
INSERT INTO `spider_movie_info` VALUES (133, '暂无评分', '邻家新男孩', 'https://www.wuhaozhan.net/movie/1006764', '1393087421255651328', '2021-05-14 14:53:35', '2021-05-14 14:53:35');
INSERT INTO `spider_movie_info` VALUES (134, '暂无评分', '九月四日', 'https://www.wuhaozhan.net/movie/1004462', '1393087421255651328', '2021-05-14 14:53:35', '2021-05-14 14:53:35');
INSERT INTO `spider_movie_info` VALUES (135, '4.3', '怪兽', 'https://www.wuhaozhan.net/movie/1000836', '1393087421255651328', '2021-05-14 14:53:35', '2021-05-14 14:53:35');
INSERT INTO `spider_movie_info` VALUES (136, '4.9', '格蕾特和韩塞尔', 'https://www.wuhaozhan.net/movie/1006746', '1393087421255651328', '2021-05-14 14:53:35', '2021-05-14 14:53:35');
INSERT INTO `spider_movie_info` VALUES (137, '6.1', '安娜贝尔3：回家', 'https://www.wuhaozhan.net/movie/1004441', '1393087421255651328', '2021-05-14 14:53:35', '2021-05-14 14:53:35');
INSERT INTO `spider_movie_info` VALUES (138, '5.2', '接吻的饺子', 'https://www.wuhaozhan.net/movie/1000826', '1393087421255651328', '2021-05-14 14:53:35', '2021-05-14 14:53:35');
INSERT INTO `spider_movie_info` VALUES (139, '暂无评分', '上钩', 'https://www.wuhaozhan.net/movie/1006713', '1393087421255651328', '2021-05-14 14:53:35', '2021-05-14 14:53:35');
INSERT INTO `spider_movie_info` VALUES (140, '6.4', '寻找斯蒂夫·麦昆', 'https://www.wuhaozhan.net/movie/1004433', '1393087421255651328', '2021-05-14 14:53:35', '2021-05-14 14:53:35');
INSERT INTO `spider_movie_info` VALUES (141, '5.7', '恶魔的请柬', 'https://www.wuhaozhan.net/movie/1000600', '1393087421255651328', '2021-05-14 14:53:35', '2021-05-14 14:53:35');
INSERT INTO `spider_movie_info` VALUES (142, '7.2', '红琼', 'https://www.wuhaozhan.net/movie/1004004', '1393087421255651328', '2021-05-14 14:53:35', '2021-05-14 14:53:35');
INSERT INTO `spider_movie_info` VALUES (143, '6.6', '日暮', 'https://www.wuhaozhan.net/movie/1000590', '1393087421255651328', '2021-05-14 14:53:35', '2021-05-14 14:53:35');
INSERT INTO `spider_movie_info` VALUES (144, '暂无评分', '相依为命', 'https://www.wuhaozhan.net/movie/1006300', '1393087421255651328', '2021-05-14 14:53:35', '2021-05-14 14:53:35');
INSERT INTO `spider_movie_info` VALUES (145, '暂无评分', '如意天书', 'https://www.wuhaozhan.net/movie/1003988', '1393087421255651328', '2021-05-14 14:53:35', '2021-05-14 14:53:35');
INSERT INTO `spider_movie_info` VALUES (146, '6.8', '美好的危险丑闻', 'https://www.wuhaozhan.net/movie/1000579', '1393087421255651328', '2021-05-14 14:53:35', '2021-05-14 14:53:35');
INSERT INTO `spider_movie_info` VALUES (147, '8.4', '哈萨克汗国：不败之剑', 'https://www.wuhaozhan.net/movie/1008591', '1393087421255651328', '2021-05-14 14:53:35', '2021-05-14 14:53:35');
INSERT INTO `spider_movie_info` VALUES (148, '暂无评分', '暗金烂狗6', 'https://www.wuhaozhan.net/movie/1006275', '1393087421255651328', '2021-05-14 14:53:35', '2021-05-14 14:53:35');
INSERT INTO `spider_movie_info` VALUES (149, '暂无评分', '分岔口', 'https://www.wuhaozhan.net/movie/1003969', '1393087421255651328', '2021-05-14 14:53:35', '2021-05-14 14:53:35');
INSERT INTO `spider_movie_info` VALUES (150, '6.7', '北极', 'https://www.wuhaozhan.net/movie/1000569', '1393087421255651328', '2021-05-14 14:53:35', '2021-05-14 14:53:35');
INSERT INTO `spider_movie_info` VALUES (151, '3.8', '大梦西游2铁扇公主', 'https://www.wuhaozhan.net/movie/1008580', '1393087421255651328', '2021-05-14 14:53:35', '2021-05-14 14:53:35');
INSERT INTO `spider_movie_info` VALUES (152, '暂无评分', '早安公主', 'https://www.wuhaozhan.net/movie/1006257', '1393087421255651328', '2021-05-14 14:53:35', '2021-05-14 14:53:35');
INSERT INTO `spider_movie_info` VALUES (153, '暂无评分', '不管妈妈多么讨厌我', 'https://www.wuhaozhan.net/movie/1003951', '1393087421255651328', '2021-05-14 14:53:35', '2021-05-14 14:53:35');
INSERT INTO `spider_movie_info` VALUES (154, '7.0', '约翰·多诺万的死与生', 'https://www.wuhaozhan.net/movie/1000559', '1393087421255651328', '2021-05-14 14:53:35', '2021-05-14 14:53:35');
INSERT INTO `spider_movie_info` VALUES (155, '5.6', '怒战狂心', 'https://www.wuhaozhan.net/movie/1008565', '1393087421255651328', '2021-05-14 14:53:35', '2021-05-14 14:53:35');
INSERT INTO `spider_movie_info` VALUES (156, '8.0', '小羊肖恩2：末日农场', 'https://www.wuhaozhan.net/movie/1006242', '1393087421255651328', '2021-05-14 14:53:35', '2021-05-14 14:53:35');
INSERT INTO `spider_movie_info` VALUES (157, '暂无评分', '镇魔司：苍龙觉醒', 'https://www.wuhaozhan.net/movie/1003925', '1393087421255651328', '2021-05-14 14:53:35', '2021-05-14 14:53:35');
INSERT INTO `spider_movie_info` VALUES (158, '6.0', '金色梦乡', 'https://www.wuhaozhan.net/movie/1000547', '1393087421255651328', '2021-05-14 14:53:35', '2021-05-14 14:53:35');
INSERT INTO `spider_movie_info` VALUES (159, '6.1', '接线员', 'https://www.wuhaozhan.net/movie/1008555', '1393087421255651328', '2021-05-14 14:53:35', '2021-05-14 14:53:35');
INSERT INTO `spider_movie_info` VALUES (160, '6.0', '爹来靠', 'https://www.wuhaozhan.net/movie/1006217', '1393087421255651328', '2021-05-14 14:53:35', '2021-05-14 14:53:35');
INSERT INTO `spider_movie_info` VALUES (161, '6.5', '谋杀疑云', 'https://www.wuhaozhan.net/movie/1003902', '1393087421255651328', '2021-05-14 14:53:35', '2021-05-14 14:53:35');
INSERT INTO `spider_movie_info` VALUES (162, '6.3', '最后得分', 'https://www.wuhaozhan.net/movie/1000536', '1393087421255651328', '2021-05-14 14:53:35', '2021-05-14 14:53:35');
INSERT INTO `spider_movie_info` VALUES (163, '6.4', '房车', 'https://www.wuhaozhan.net/movie/1008545', '1393087421255651328', '2021-05-14 14:53:35', '2021-05-14 14:53:35');
INSERT INTO `spider_movie_info` VALUES (164, '6.2', '天文：问天', 'https://www.wuhaozhan.net/movie/1006204', '1393087421255651328', '2021-05-14 14:53:35', '2021-05-14 14:53:35');
INSERT INTO `spider_movie_info` VALUES (165, '暂无评分', '少年透明人2', 'https://www.wuhaozhan.net/movie/1003864', '1393087421255651328', '2021-05-14 14:53:35', '2021-05-14 14:53:35');
INSERT INTO `spider_movie_info` VALUES (166, '6.1', '阿加莎与谋杀的真谛', 'https://www.wuhaozhan.net/movie/1000525', '1393087421255651328', '2021-05-14 14:53:35', '2021-05-14 14:53:35');
INSERT INTO `spider_movie_info` VALUES (167, '6.7', '我的英格兰', 'https://www.wuhaozhan.net/movie/1008535', '1393087421255651328', '2021-05-14 14:53:35', '2021-05-14 14:53:35');
INSERT INTO `spider_movie_info` VALUES (168, '暂无评分', '我是车手', 'https://www.wuhaozhan.net/movie/1006191', '1393087421255651328', '2021-05-14 14:53:35', '2021-05-14 14:53:35');
INSERT INTO `spider_movie_info` VALUES (169, '暂无评分', '热血姐妹团', 'https://www.wuhaozhan.net/movie/1003830', '1393087421255651328', '2021-05-14 14:53:35', '2021-05-14 14:53:35');
INSERT INTO `spider_movie_info` VALUES (170, '5.7', '奇妙幽灵', 'https://www.wuhaozhan.net/movie/1000515', '1393087421255651328', '2021-05-14 14:53:35', '2021-05-14 14:53:35');
INSERT INTO `spider_movie_info` VALUES (171, '7.1', '我爱你，老爸', 'https://www.wuhaozhan.net/movie/1008525', '1393087421255651328', '2021-05-14 14:53:35', '2021-05-14 14:53:35');
INSERT INTO `spider_movie_info` VALUES (172, '暂无评分', '马曼卡姆', 'https://www.wuhaozhan.net/movie/1006177', '1393087421255651328', '2021-05-14 14:53:35', '2021-05-14 14:53:35');
INSERT INTO `spider_movie_info` VALUES (173, '8.2', '我的一级兄弟', 'https://www.wuhaozhan.net/movie/1003675', '1393087421255651328', '2021-05-14 14:53:35', '2021-05-14 14:53:35');
INSERT INTO `spider_movie_info` VALUES (174, '6.7', '暹罗决：九神战甲', 'https://www.wuhaozhan.net/movie/1000505', '1393087421255651328', '2021-05-14 14:53:35', '2021-05-14 14:53:35');
INSERT INTO `spider_movie_info` VALUES (175, '7.5', '人生学校', 'https://www.wuhaozhan.net/movie/1008515', '1393087421255651328', '2021-05-14 14:53:35', '2021-05-14 14:53:35');
INSERT INTO `spider_movie_info` VALUES (176, '暂无评分', '肥龙过江', 'https://www.wuhaozhan.net/movie/1006154', '1393087421255651328', '2021-05-14 14:53:35', '2021-05-14 14:53:35');
INSERT INTO `spider_movie_info` VALUES (177, '暂无评分', '痊愈', 'https://www.wuhaozhan.net/movie/1003788', '1393087421255651328', '2021-05-14 14:53:35', '2021-05-14 14:53:35');
INSERT INTO `spider_movie_info` VALUES (178, '2.1', '怨灵宿舍之人偶老师', 'https://www.wuhaozhan.net/movie/1008505', '1393087421255651328', '2021-05-14 14:53:35', '2021-05-14 14:53:35');
INSERT INTO `spider_movie_info` VALUES (179, '暂无评分', '文明冲击', 'https://www.wuhaozhan.net/movie/1006137', '1393087421255651328', '2021-05-14 14:53:35', '2021-05-14 14:53:35');
INSERT INTO `spider_movie_info` VALUES (180, '4.6', '吸血粘土', 'https://www.wuhaozhan.net/movie/1008493', '1393087421255651328', '2021-05-14 14:53:35', '2021-05-14 14:53:35');
INSERT INTO `spider_movie_info` VALUES (181, '5.9', '世界属于你', 'https://www.wuhaozhan.net/movie/1000706', '1393087421255651328', '2021-05-14 14:53:35', '2021-05-14 14:53:35');
INSERT INTO `spider_movie_info` VALUES (182, '6.8', '宿命，吾爱：第一部', 'https://www.wuhaozhan.net/movie/1004233', '1393087421255651328', '2021-05-14 14:53:35', '2021-05-14 14:53:35');
INSERT INTO `spider_movie_info` VALUES (183, '7.2', '银行家的抵抗', 'https://www.wuhaozhan.net/movie/1000695', '1393087421255651328', '2021-05-14 14:53:35', '2021-05-14 14:53:35');
INSERT INTO `spider_movie_info` VALUES (184, '暂无评分', '还有一些树', 'https://www.wuhaozhan.net/movie/1006486', '1393087421255651328', '2021-05-14 14:53:35', '2021-05-14 14:53:35');
INSERT INTO `spider_movie_info` VALUES (185, '暂无评分', '巅峰战士', 'https://www.wuhaozhan.net/movie/1004210', '1393087421255651328', '2021-05-14 14:53:35', '2021-05-14 14:53:35');
INSERT INTO `spider_movie_info` VALUES (186, '5.8', '警部补碓冰弘一 MIND', 'https://www.wuhaozhan.net/movie/1000684', '1393087421255651328', '2021-05-14 14:53:35', '2021-05-14 14:53:35');
INSERT INTO `spider_movie_info` VALUES (187, '7.9', 'Russell Howard: Recalibrate', 'https://www.wuhaozhan.net/movie/1008695', '1393087421255651328', '2021-05-14 14:53:35', '2021-05-14 14:53:35');
INSERT INTO `spider_movie_info` VALUES (188, '7.1', '笨蛋太郎', 'https://www.wuhaozhan.net/movie/1006467', '1393087421255651328', '2021-05-14 14:53:35', '2021-05-14 14:53:35');
INSERT INTO `spider_movie_info` VALUES (189, '暂无评分', '在灰暗地带', 'https://www.wuhaozhan.net/movie/1004182', '1393087421255651328', '2021-05-14 14:53:35', '2021-05-14 14:53:35');
INSERT INTO `spider_movie_info` VALUES (190, '6.8', '的士诡谈', 'https://www.wuhaozhan.net/movie/1000675', '1393087421255651328', '2021-05-14 14:53:35', '2021-05-14 14:53:35');
INSERT INTO `spider_movie_info` VALUES (191, '2.5', '夜半凶铃', 'https://www.wuhaozhan.net/movie/1008685', '1393087421255651328', '2021-05-14 14:53:35', '2021-05-14 14:53:35');
INSERT INTO `spider_movie_info` VALUES (192, '6.3', '刺猬索尼克', 'https://www.wuhaozhan.net/movie/1006452', '1393087421255651328', '2021-05-14 14:53:35', '2021-05-14 14:53:35');
INSERT INTO `spider_movie_info` VALUES (193, '7.2', '铁道：家色', 'https://www.wuhaozhan.net/movie/1004162', '1393087421255651328', '2021-05-14 14:53:35', '2021-05-14 14:53:35');
INSERT INTO `spider_movie_info` VALUES (194, '4.3', '小美人鱼', 'https://www.wuhaozhan.net/movie/1000665', '1393087421255651328', '2021-05-14 14:53:35', '2021-05-14 14:53:35');
INSERT INTO `spider_movie_info` VALUES (195, '4.1', '铁甲战神', 'https://www.wuhaozhan.net/movie/1008675', '1393087421255651328', '2021-05-14 14:53:35', '2021-05-14 14:53:35');
INSERT INTO `spider_movie_info` VALUES (196, '7.0', '譬如朝露', 'https://www.wuhaozhan.net/movie/1006432', '1393087421255651328', '2021-05-14 14:53:35', '2021-05-14 14:53:35');
INSERT INTO `spider_movie_info` VALUES (197, '暂无评分', '通向残疾疗养院', 'https://www.wuhaozhan.net/movie/1004145', '1393087421255651328', '2021-05-14 14:53:35', '2021-05-14 14:53:35');
INSERT INTO `spider_movie_info` VALUES (198, '6.9', '拯救圣诞记', 'https://www.wuhaozhan.net/movie/1000655', '1393087421255651328', '2021-05-14 14:53:35', '2021-05-14 14:53:35');
INSERT INTO `spider_movie_info` VALUES (199, '5.0', '鬼网', 'https://www.wuhaozhan.net/movie/1008661', '1393087421255651328', '2021-05-14 14:53:35', '2021-05-14 14:53:35');
INSERT INTO `spider_movie_info` VALUES (200, '6.2', '污秽之神', 'https://www.wuhaozhan.net/movie/1006409', '1393087421255651328', '2021-05-14 14:53:35', '2021-05-14 14:53:35');
INSERT INTO `spider_movie_info` VALUES (201, '暂无评分', '记忆小偷', 'https://www.wuhaozhan.net/movie/1004126', '1393087421255651328', '2021-05-14 14:53:35', '2021-05-14 14:53:35');
INSERT INTO `spider_movie_info` VALUES (202, '6.3', '我们的时光', 'https://www.wuhaozhan.net/movie/1000643', '1393087421255651328', '2021-05-14 14:53:35', '2021-05-14 14:53:35');
INSERT INTO `spider_movie_info` VALUES (203, '5.7', '炭火仔：勇战巨魔王', 'https://www.wuhaozhan.net/movie/1008651', '1393087421255651328', '2021-05-14 14:53:35', '2021-05-14 14:53:35');
INSERT INTO `spider_movie_info` VALUES (204, '6.3', '半路枪手', 'https://www.wuhaozhan.net/movie/1006393', '1393087421255651328', '2021-05-14 14:53:35', '2021-05-14 14:53:35');
INSERT INTO `spider_movie_info` VALUES (205, '暂无评分', '王媛媛', 'https://www.wuhaozhan.net/movie/1004106', '1393087421255651328', '2021-05-14 14:53:35', '2021-05-14 14:53:35');
INSERT INTO `spider_movie_info` VALUES (206, '7.1', '旺扎的雨靴', 'https://www.wuhaozhan.net/movie/1000631', '1393087421255651328', '2021-05-14 14:53:35', '2021-05-14 14:53:35');
INSERT INTO `spider_movie_info` VALUES (207, '6.0', '出目金', 'https://www.wuhaozhan.net/movie/1008641', '1393087421255651328', '2021-05-14 14:53:35', '2021-05-14 14:53:35');
INSERT INTO `spider_movie_info` VALUES (208, '7.4', '所有明亮的地方', 'https://www.wuhaozhan.net/movie/1006377', '1393087421255651328', '2021-05-14 14:53:35', '2021-05-14 14:53:35');
INSERT INTO `spider_movie_info` VALUES (209, '暂无评分', '燃烧之旅', 'https://www.wuhaozhan.net/movie/1004079', '1393087421255651328', '2021-05-14 14:53:35', '2021-05-14 14:53:35');
INSERT INTO `spider_movie_info` VALUES (210, '6.5', '果戈里·恶灵', 'https://www.wuhaozhan.net/movie/1000621', '1393087421255651328', '2021-05-14 14:53:35', '2021-05-14 14:53:35');
INSERT INTO `spider_movie_info` VALUES (211, '6.2', '朴烈', 'https://www.wuhaozhan.net/movie/1008631', '1393087421255651328', '2021-05-14 14:53:35', '2021-05-14 14:53:35');
INSERT INTO `spider_movie_info` VALUES (212, '6.8', '关于哈利的那些事', 'https://www.wuhaozhan.net/movie/1006354', '1393087421255651328', '2021-05-14 14:53:35', '2021-05-14 14:53:35');
INSERT INTO `spider_movie_info` VALUES (213, '7.6', '阿丽塔：战斗天使', 'https://www.wuhaozhan.net/movie/1004045', '1393087421255651328', '2021-05-14 14:53:35', '2021-05-14 14:53:35');
INSERT INTO `spider_movie_info` VALUES (214, '5.8', '捷德奥特曼 剧场版：连接吧！心愿！！', 'https://www.wuhaozhan.net/movie/1000611', '1393087421255651328', '2021-05-14 14:53:35', '2021-05-14 14:53:35');
INSERT INTO `spider_movie_info` VALUES (215, '6.6', '离狼之歌', 'https://www.wuhaozhan.net/movie/1008620', '1393087421255651328', '2021-05-14 14:53:35', '2021-05-14 14:53:35');
INSERT INTO `spider_movie_info` VALUES (216, '5.6', '夜班服务员', 'https://www.wuhaozhan.net/movie/1006339', '1393087421255651328', '2021-05-14 14:53:35', '2021-05-14 14:53:35');
INSERT INTO `spider_movie_info` VALUES (217, '暂无评分', '完美正义', 'https://www.wuhaozhan.net/movie/1004026', '1393087421255651328', '2021-05-14 14:53:35', '2021-05-14 14:53:35');
INSERT INTO `spider_movie_info` VALUES (218, '7.0', '怪趣群鸟', 'https://www.wuhaozhan.net/movie/1008611', '1393087421255651328', '2021-05-14 14:53:35', '2021-05-14 14:53:35');
INSERT INTO `spider_movie_info` VALUES (219, '暂无评分', '豹子头林冲之白虎堂', 'https://www.wuhaozhan.net/movie/1006319', '1393087421255651328', '2021-05-14 14:53:35', '2021-05-14 14:53:35');
INSERT INTO `spider_movie_info` VALUES (220, '7.3', '寂静岭：起源', 'https://www.wuhaozhan.net/movie/1008601', '1393087421255651328', '2021-05-14 14:53:35', '2021-05-14 14:53:35');
INSERT INTO `spider_movie_info` VALUES (221, '7.4', '恶劣天气', 'https://www.wuhaozhan.net/movie/1012627', '1393087421255651328', '2021-05-14 14:53:35', '2021-05-14 14:53:35');
INSERT INTO `spider_movie_info` VALUES (222, '5.9', '108 ~海马五郎的复仇与冒险~', 'https://www.wuhaozhan.net/movie/1012646', '1393087421255651328', '2021-05-14 14:53:35', '2021-05-14 14:53:35');
INSERT INTO `spider_movie_info` VALUES (223, '暂无评分', '残酷的彼得', 'https://www.wuhaozhan.net/movie/1012662', '1393087421255651328', '2021-05-14 14:53:35', '2021-05-14 14:53:35');
INSERT INTO `spider_movie_info` VALUES (224, '6.0', '飙舞追梦', 'https://www.wuhaozhan.net/movie/1012679', '1393087421255651328', '2021-05-14 14:53:35', '2021-05-14 14:53:35');
INSERT INTO `spider_movie_info` VALUES (225, '7.3', '尘世之光', 'https://www.wuhaozhan.net/movie/1012565', '1393087421255651328', '2021-05-14 14:53:35', '2021-05-14 14:53:35');
INSERT INTO `spider_movie_info` VALUES (226, '暂无评分', '灵案神捕', 'https://www.wuhaozhan.net/movie/1012590', '1393087421255651328', '2021-05-14 14:53:35', '2021-05-14 14:53:35');
INSERT INTO `spider_movie_info` VALUES (227, '7.3', '逃走的女人', 'https://www.wuhaozhan.net/movie/1012611', '1393087421255651328', '2021-05-14 14:53:35', '2021-05-14 14:53:35');
INSERT INTO `spider_movie_info` VALUES (228, '7.7', '影里', 'https://www.wuhaozhan.net/movie/1012708', '1393087421255651328', '2021-05-14 14:53:35', '2021-05-14 14:53:35');
INSERT INTO `spider_movie_info` VALUES (229, '暂无评分', '上海王2', 'https://www.wuhaozhan.net/movie/1012739', '1393087421255651328', '2021-05-14 14:53:35', '2021-05-14 14:53:35');
INSERT INTO `spider_movie_info` VALUES (230, '5.6', '釜山行2：半岛', 'https://www.wuhaozhan.net/movie/1012538', '1393087421255651328', '2021-05-14 14:53:35', '2021-05-14 14:53:35');
INSERT INTO `spider_movie_info` VALUES (231, '7.7', '独家记忆', 'https://www.wuhaozhan.net/movie/1000384', '1393087421255651328', '2021-05-14 14:53:35', '2021-05-14 14:53:35');
INSERT INTO `spider_movie_info` VALUES (232, '暂无评分', '心仇', 'https://www.wuhaozhan.net/movie/1003610', '1393087421255651328', '2021-05-14 14:53:35', '2021-05-14 14:53:35');
INSERT INTO `spider_movie_info` VALUES (233, '7.7', '那就是我的世界', 'https://www.wuhaozhan.net/movie/1000373', '1393087421255651328', '2021-05-14 14:53:35', '2021-05-14 14:53:35');
INSERT INTO `spider_movie_info` VALUES (234, '暂无评分', '骨瓷', 'https://www.wuhaozhan.net/movie/1005934', '1393087421255651328', '2021-05-14 14:53:35', '2021-05-14 14:53:35');
INSERT INTO `spider_movie_info` VALUES (235, '7.5', '国家破产之日', 'https://www.wuhaozhan.net/movie/1000110', '1393087421255651328', '2021-05-14 14:53:35', '2021-05-14 14:53:35');
INSERT INTO `spider_movie_info` VALUES (236, '9.0', '李尔王', 'https://www.wuhaozhan.net/movie/1000363', '1393087421255651328', '2021-05-14 14:53:35', '2021-05-14 14:53:35');
INSERT INTO `spider_movie_info` VALUES (237, '6.4', '嗨翻姐妹行', 'https://www.wuhaozhan.net/movie/1008374', '1393087421255651328', '2021-05-14 14:53:35', '2021-05-14 14:53:35');
INSERT INTO `spider_movie_info` VALUES (238, '暂无评分', '青涩岁月的夏季', 'https://www.wuhaozhan.net/movie/1005900', '1393087421255651328', '2021-05-14 14:53:35', '2021-05-14 14:53:35');
INSERT INTO `spider_movie_info` VALUES (239, '3.4', '惊悚之夜', 'https://www.wuhaozhan.net/movie/1003583', '1393087421255651328', '2021-05-14 14:53:35', '2021-05-14 14:53:35');
INSERT INTO `spider_movie_info` VALUES (240, '7.3', '乔纳斯', 'https://www.wuhaozhan.net/movie/1000350', '1393087421255651328', '2021-05-14 14:53:35', '2021-05-14 14:53:35');
INSERT INTO `spider_movie_info` VALUES (241, '4.8', '秋野春潮', 'https://www.wuhaozhan.net/movie/1009626', '1393087421255651328', '2021-05-14 14:53:35', '2021-05-14 14:53:35');
INSERT INTO `spider_movie_info` VALUES (242, '6.8', '普通人', 'https://www.wuhaozhan.net/movie/1008364', '1393087421255651328', '2021-05-14 14:53:35', '2021-05-14 14:53:35');
INSERT INTO `spider_movie_info` VALUES (243, '暂无评分', '猛鬼故事', 'https://www.wuhaozhan.net/movie/1005875', '1393087421255651328', '2021-05-14 14:53:35', '2021-05-14 14:53:35');
INSERT INTO `spider_movie_info` VALUES (244, '7.4', '生日', 'https://www.wuhaozhan.net/movie/1003566', '1393087421255651328', '2021-05-14 14:53:35', '2021-05-14 14:53:35');
INSERT INTO `spider_movie_info` VALUES (245, '5.7', '光之声', 'https://www.wuhaozhan.net/movie/1000338', '1393087421255651328', '2021-05-14 14:53:35', '2021-05-14 14:53:35');
INSERT INTO `spider_movie_info` VALUES (246, '5.0', '特丽丝', 'https://www.wuhaozhan.net/movie/1009616', '1393087421255651328', '2021-05-14 14:53:35', '2021-05-14 14:53:35');
INSERT INTO `spider_movie_info` VALUES (247, '7.7', '不死者之王：剧场版前篇', 'https://www.wuhaozhan.net/movie/1008354', '1393087421255651328', '2021-05-14 14:53:35', '2021-05-14 14:53:35');
INSERT INTO `spider_movie_info` VALUES (248, '5.1', '桃源', 'https://www.wuhaozhan.net/movie/1005849', '1393087421255651328', '2021-05-14 14:53:35', '2021-05-14 14:53:35');
INSERT INTO `spider_movie_info` VALUES (249, '暂无评分', '她唯一的选择', 'https://www.wuhaozhan.net/movie/1003543', '1393087421255651328', '2021-05-14 14:53:35', '2021-05-14 14:53:35');
INSERT INTO `spider_movie_info` VALUES (250, '6.1', '永恒之门', 'https://www.wuhaozhan.net/movie/1000324', '1393087421255651328', '2021-05-14 14:53:35', '2021-05-14 14:53:35');
INSERT INTO `spider_movie_info` VALUES (251, '5.1', '容顺', 'https://www.wuhaozhan.net/movie/1009606', '1393087421255651328', '2021-05-14 14:53:35', '2021-05-14 14:53:35');
INSERT INTO `spider_movie_info` VALUES (252, '5.8', '牺牲复活者', 'https://www.wuhaozhan.net/movie/1008344', '1393087421255651328', '2021-05-14 14:53:35', '2021-05-14 14:53:35');
INSERT INTO `spider_movie_info` VALUES (253, '暂无评分', '灵魂猎人', 'https://www.wuhaozhan.net/movie/1005834', '1393087421255651328', '2021-05-14 14:53:35', '2021-05-14 14:53:35');
INSERT INTO `spider_movie_info` VALUES (254, '5.8', '仙踪乐园', 'https://www.wuhaozhan.net/movie/1003521', '1393087421255651328', '2021-05-14 14:53:35', '2021-05-14 14:53:35');
INSERT INTO `spider_movie_info` VALUES (255, '7.4', '法外之王', 'https://www.wuhaozhan.net/movie/1000312', '1393087421255651328', '2021-05-14 14:53:35', '2021-05-14 14:53:35');
INSERT INTO `spider_movie_info` VALUES (256, '5.2', '最美的岛屿', 'https://www.wuhaozhan.net/movie/1009596', '1393087421255651328', '2021-05-14 14:53:35', '2021-05-14 14:53:35');
INSERT INTO `spider_movie_info` VALUES (257, '6.4', '分贝人生', 'https://www.wuhaozhan.net/movie/1008334', '1393087421255651328', '2021-05-14 14:53:35', '2021-05-14 14:53:35');
INSERT INTO `spider_movie_info` VALUES (258, '暂无评分', '中华兵王之警戒时刻', 'https://www.wuhaozhan.net/movie/1005815', '1393087421255651328', '2021-05-14 14:53:35', '2021-05-14 14:53:35');
INSERT INTO `spider_movie_info` VALUES (259, '暂无评分', '我制服了魔鬼', 'https://www.wuhaozhan.net/movie/1003487', '1393087421255651328', '2021-05-14 14:53:35', '2021-05-14 14:53:35');
INSERT INTO `spider_movie_info` VALUES (260, '4.9', '境·界', 'https://www.wuhaozhan.net/movie/1000301', '1393087421255651328', '2021-05-14 14:53:35', '2021-05-14 14:53:35');
INSERT INTO `spider_movie_info` VALUES (261, '5.4', '哀苦心事', 'https://www.wuhaozhan.net/movie/1009586', '1393087421255651328', '2021-05-14 14:53:35', '2021-05-14 14:53:35');
INSERT INTO `spider_movie_info` VALUES (262, '8.2', '路人女主的养成方法♭：恋与纯情的福利回', 'https://www.wuhaozhan.net/movie/1008324', '1393087421255651328', '2021-05-14 14:53:35', '2021-05-14 14:53:35');
INSERT INTO `spider_movie_info` VALUES (263, '7.6', '然后我们跳了舞', 'https://www.wuhaozhan.net/movie/1005801', '1393087421255651328', '2021-05-14 14:53:35', '2021-05-14 14:53:35');
INSERT INTO `spider_movie_info` VALUES (264, '暂无评分', '等待奇迹降临', 'https://www.wuhaozhan.net/movie/1003475', '1393087421255651328', '2021-05-14 14:53:35', '2021-05-14 14:53:35');
INSERT INTO `spider_movie_info` VALUES (265, '6.7', '每天回家都会看到老婆在装死', 'https://www.wuhaozhan.net/movie/1000291', '1393087421255651328', '2021-05-14 14:53:35', '2021-05-14 14:53:35');
INSERT INTO `spider_movie_info` VALUES (266, '暂无评分', '加点浪漫', 'https://www.wuhaozhan.net/movie/1006857', '1393087421255651328', '2021-05-14 14:53:35', '2021-05-14 14:53:35');
INSERT INTO `spider_movie_info` VALUES (267, '6.1', '战争机器', 'https://www.wuhaozhan.net/movie/1008313', '1393087421255651328', '2021-05-14 14:53:35', '2021-05-14 14:53:35');
INSERT INTO `spider_movie_info` VALUES (268, '暂无评分', '娱乐追击', 'https://www.wuhaozhan.net/movie/1005790', '1393087421255651328', '2021-05-14 14:53:35', '2021-05-14 14:53:35');
INSERT INTO `spider_movie_info` VALUES (269, '7.1', '魔鬼时光', 'https://www.wuhaozhan.net/movie/1003463', '1393087421255651328', '2021-05-14 14:53:35', '2021-05-14 14:53:35');
INSERT INTO `spider_movie_info` VALUES (270, '7.3', '贼巢', 'https://www.wuhaozhan.net/movie/1000280', '1393087421255651328', '2021-05-14 14:53:35', '2021-05-14 14:53:35');
INSERT INTO `spider_movie_info` VALUES (271, '5.7', '邻家有鬼', 'https://www.wuhaozhan.net/movie/1009561', '1393087421255651328', '2021-05-14 14:53:35', '2021-05-14 14:53:35');
INSERT INTO `spider_movie_info` VALUES (272, '7.1', '扎马', 'https://www.wuhaozhan.net/movie/1008303', '1393087421255651328', '2021-05-14 14:53:35', '2021-05-14 14:53:35');
INSERT INTO `spider_movie_info` VALUES (273, '8.8', '多哥', 'https://www.wuhaozhan.net/movie/1005776', '1393087421255651328', '2021-05-14 14:53:35', '2021-05-14 14:53:35');
INSERT INTO `spider_movie_info` VALUES (274, '暂无评分', '女族长', 'https://www.wuhaozhan.net/movie/1003441', '1393087421255651328', '2021-05-14 14:53:35', '2021-05-14 14:53:35');
INSERT INTO `spider_movie_info` VALUES (275, '5.7', '毛骨悚然撞鬼经 2017夏季特别篇', 'https://www.wuhaozhan.net/movie/1009551', '1393087421255651328', '2021-05-14 14:53:35', '2021-05-14 14:53:35');
INSERT INTO `spider_movie_info` VALUES (276, '5.9', '窥爱', 'https://www.wuhaozhan.net/movie/1008290', '1393087421255651328', '2021-05-14 14:53:35', '2021-05-14 14:53:35');
INSERT INTO `spider_movie_info` VALUES (277, '暂无评分', '零下的风', 'https://www.wuhaozhan.net/movie/1005767', '1393087421255651328', '2021-05-14 14:53:35', '2021-05-14 14:53:35');
INSERT INTO `spider_movie_info` VALUES (278, '5.8', '弑父之殇', 'https://www.wuhaozhan.net/movie/1009541', '1393087421255651328', '2021-05-14 14:53:35', '2021-05-14 14:53:35');
INSERT INTO `spider_movie_info` VALUES (279, '6.7', '一切的一切', 'https://www.wuhaozhan.net/movie/1008280', '1393087421255651328', '2021-05-14 14:53:35', '2021-05-14 14:53:35');
INSERT INTO `spider_movie_info` VALUES (280, '6.0', '甜蜜谎言', 'https://www.wuhaozhan.net/movie/1009531', '1393087421255651328', '2021-05-14 14:53:35', '2021-05-14 14:53:35');
INSERT INTO `spider_movie_info` VALUES (281, '6.6', '欧洲歌唱大赛：火焰传说', 'https://www.wuhaozhan.net/movie/1012379', '1393087421255651328', '2021-05-14 14:53:35', '2021-05-14 14:53:35');
INSERT INTO `spider_movie_info` VALUES (282, '暂无评分', '单身请开眼', 'https://www.wuhaozhan.net/movie/1012411', '1393087421255651328', '2021-05-14 14:53:35', '2021-05-14 14:53:35');
INSERT INTO `spider_movie_info` VALUES (283, '6.9', '喀布尔的燕子', 'https://www.wuhaozhan.net/movie/1012430', '1393087421255651328', '2021-05-14 14:53:35', '2021-05-14 14:53:35');
INSERT INTO `spider_movie_info` VALUES (284, '6.4', '灿实也多福', 'https://www.wuhaozhan.net/movie/1012450', '1393087421255651328', '2021-05-14 14:53:35', '2021-05-14 14:53:35');
INSERT INTO `spider_movie_info` VALUES (285, '7.3', '温德米尔儿童', 'https://www.wuhaozhan.net/movie/1006254', '1393087421255651328', '2021-05-14 14:53:35', '2021-05-14 14:53:35');
INSERT INTO `spider_movie_info` VALUES (286, '暂无评分', '阴谋: 亲爱的艾格尼丝', 'https://www.wuhaozhan.net/movie/1012355', '1393087421255651328', '2021-05-14 14:53:35', '2021-05-14 14:53:35');
INSERT INTO `spider_movie_info` VALUES (287, '7.0', '清白', 'https://www.wuhaozhan.net/movie/1012495', '1393087421255651328', '2021-05-14 14:53:35', '2021-05-14 14:53:35');
INSERT INTO `spider_movie_info` VALUES (288, '暂无评分', '耳光', 'https://www.wuhaozhan.net/movie/1012510', '1393087421255651328', '2021-05-14 14:53:35', '2021-05-14 14:53:35');
INSERT INTO `spider_movie_info` VALUES (289, '6.3', '美人皮', 'https://www.wuhaozhan.net/movie/1012534', '1393087421255651328', '2021-05-14 14:53:35', '2021-05-14 14:53:35');
INSERT INTO `spider_movie_info` VALUES (290, '暂无评分', '滑车', 'https://www.wuhaozhan.net/movie/1012552', '1393087421255651328', '2021-05-14 14:53:35', '2021-05-14 14:53:35');
INSERT INTO `spider_movie_info` VALUES (291, '6.6', '把外婆放进冰箱', 'https://www.wuhaozhan.net/movie/1000494', '1393087421255651328', '2021-05-14 14:53:35', '2021-05-14 14:53:35');
INSERT INTO `spider_movie_info` VALUES (292, '7.4', '都是真的', 'https://www.wuhaozhan.net/movie/1003776', '1393087421255651328', '2021-05-14 14:53:35', '2021-05-14 14:53:35');
INSERT INTO `spider_movie_info` VALUES (293, '8.8', '孤独的美食家除夕SP：京都・名古屋出差篇', 'https://www.wuhaozhan.net/movie/1000484', '1393087421255651328', '2021-05-14 14:53:35', '2021-05-14 14:53:35');
INSERT INTO `spider_movie_info` VALUES (294, '暂无评分', '尼帕病毒', 'https://www.wuhaozhan.net/movie/1006122', '1393087421255651328', '2021-05-14 14:53:35', '2021-05-14 14:53:35');
INSERT INTO `spider_movie_info` VALUES (295, '暂无评分', '溜冰联盟', 'https://www.wuhaozhan.net/movie/1003755', '1393087421255651328', '2021-05-14 14:53:35', '2021-05-14 14:53:35');
INSERT INTO `spider_movie_info` VALUES (296, '4.7', '10×10', 'https://www.wuhaozhan.net/movie/1000472', '1393087421255651328', '2021-05-14 14:53:35', '2021-05-14 14:53:35');
INSERT INTO `spider_movie_info` VALUES (297, '5.3', '想成为奥田民生的男孩和让男人痴狂的女孩', 'https://www.wuhaozhan.net/movie/1008483', '1393087421255651328', '2021-05-14 14:53:35', '2021-05-14 14:53:35');
INSERT INTO `spider_movie_info` VALUES (298, '暂无评分', '飞行模式', 'https://www.wuhaozhan.net/movie/1006110', '1393087421255651328', '2021-05-14 14:53:35', '2021-05-14 14:53:35');
INSERT INTO `spider_movie_info` VALUES (299, '暂无评分', '海星', 'https://www.wuhaozhan.net/movie/1003740', '1393087421255651328', '2021-05-14 14:53:35', '2021-05-14 14:53:35');
INSERT INTO `spider_movie_info` VALUES (300, '5.9', '好想吃拉面！', 'https://www.wuhaozhan.net/movie/1000447', '1393087421255651328', '2021-05-14 14:53:35', '2021-05-14 14:53:35');
INSERT INTO `spider_movie_info` VALUES (301, '3.4', '反诈风暴之不可饶恕', 'https://www.wuhaozhan.net/movie/1009726', '1393087421255651328', '2021-05-14 14:53:35', '2021-05-14 14:53:35');
INSERT INTO `spider_movie_info` VALUES (302, '6.1', '杀戮本性', 'https://www.wuhaozhan.net/movie/1008472', '1393087421255651328', '2021-05-14 14:53:35', '2021-05-14 14:53:35');
INSERT INTO `spider_movie_info` VALUES (303, '5.9', '亲密旅行', 'https://www.wuhaozhan.net/movie/1006092', '1393087421255651328', '2021-05-14 14:53:35', '2021-05-14 14:53:35');
INSERT INTO `spider_movie_info` VALUES (304, '7.5', '葛洛利亚·贝尔', 'https://www.wuhaozhan.net/movie/1000410', '1393087421255651328', '2021-05-14 14:53:35', '2021-05-14 14:53:35');
INSERT INTO `spider_movie_info` VALUES (305, '7.3', '货架之间', 'https://www.wuhaozhan.net/movie/1000456', '1393087421255651328', '2021-05-14 14:53:35', '2021-05-14 14:53:35');
INSERT INTO `spider_movie_info` VALUES (306, '3.6', '金沙血', 'https://www.wuhaozhan.net/movie/1009716', '1393087421255651328', '2021-05-14 14:53:35', '2021-05-14 14:53:35');
INSERT INTO `spider_movie_info` VALUES (307, '6.4', '宾果：晨光之王', 'https://www.wuhaozhan.net/movie/1008462', '1393087421255651328', '2021-05-14 14:53:35', '2021-05-14 14:53:35');
INSERT INTO `spider_movie_info` VALUES (308, '8.6', '小妇人', 'https://www.wuhaozhan.net/movie/1006076', '1393087421255651328', '2021-05-14 14:53:35', '2021-05-14 14:53:35');
INSERT INTO `spider_movie_info` VALUES (309, '4.0', '小猪佩奇过大年', 'https://www.wuhaozhan.net/movie/1003707', '1393087421255651328', '2021-05-14 14:53:35', '2021-05-14 14:53:35');
INSERT INTO `spider_movie_info` VALUES (310, '3.8', '二十岁', 'https://www.wuhaozhan.net/movie/1000439', '1393087421255651328', '2021-05-14 14:53:35', '2021-05-14 14:53:35');
INSERT INTO `spider_movie_info` VALUES (311, '3.7', '哈瓦苏湖的风流之旅', 'https://www.wuhaozhan.net/movie/1009706', '1393087421255651328', '2021-05-14 14:53:35', '2021-05-14 14:53:35');
INSERT INTO `spider_movie_info` VALUES (312, '7.0', '外星人狙击战', 'https://www.wuhaozhan.net/movie/1008452', '1393087421255651328', '2021-05-14 14:53:35', '2021-05-14 14:53:35');
INSERT INTO `spider_movie_info` VALUES (313, '暂无评分', '踮起脚尖说爱你', 'https://www.wuhaozhan.net/movie/1006060', '1393087421255651328', '2021-05-14 14:53:35', '2021-05-14 14:53:35');
INSERT INTO `spider_movie_info` VALUES (314, '暂无评分', '剑·干将莫邪', 'https://www.wuhaozhan.net/movie/1003693', '1393087421255651328', '2021-05-14 14:53:35', '2021-05-14 14:53:35');
INSERT INTO `spider_movie_info` VALUES (315, '7.5', '乐高DC超级英雄：闪电侠', 'https://www.wuhaozhan.net/movie/1000428', '1393087421255651328', '2021-05-14 14:53:35', '2021-05-14 14:53:35');
INSERT INTO `spider_movie_info` VALUES (316, '3.8', '终极劫钞', 'https://www.wuhaozhan.net/movie/1009696', '1393087421255651328', '2021-05-14 14:53:35', '2021-05-14 14:53:35');
INSERT INTO `spider_movie_info` VALUES (317, '3.1', '冒牌监护人之寻宝闹翻天', 'https://www.wuhaozhan.net/movie/1008442', '1393087421255651328', '2021-05-14 14:53:35', '2021-05-14 14:53:35');
INSERT INTO `spider_movie_info` VALUES (318, '暂无评分', '二流子', 'https://www.wuhaozhan.net/movie/1006042', '1393087421255651328', '2021-05-14 14:53:35', '2021-05-14 14:53:35');
INSERT INTO `spider_movie_info` VALUES (319, '暂无评分', '跳动的心', 'https://www.wuhaozhan.net/movie/1003676', '1393087421255651328', '2021-05-14 14:53:35', '2021-05-14 14:53:35');
INSERT INTO `spider_movie_info` VALUES (320, '6.4', '无可隐藏', 'https://www.wuhaozhan.net/movie/1000417', '1393087421255651328', '2021-05-14 14:53:35', '2021-05-14 14:53:35');
INSERT INTO `spider_movie_info` VALUES (321, '4.0', '超级王爷', 'https://www.wuhaozhan.net/movie/1009686', '1393087421255651328', '2021-05-14 14:53:35', '2021-05-14 14:53:35');
INSERT INTO `spider_movie_info` VALUES (322, '5.6', '再次回家', 'https://www.wuhaozhan.net/movie/1008430', '1393087421255651328', '2021-05-14 14:53:35', '2021-05-14 14:53:35');
INSERT INTO `spider_movie_info` VALUES (323, '7.0', '工作的人', 'https://www.wuhaozhan.net/movie/1004727', '1393087421255651328', '2021-05-14 14:53:35', '2021-05-14 14:53:35');
INSERT INTO `spider_movie_info` VALUES (324, '暂无评分', '无痛侠', 'https://www.wuhaozhan.net/movie/1003303', '1393087421255651328', '2021-05-14 14:53:35', '2021-05-14 14:53:35');
INSERT INTO `spider_movie_info` VALUES (325, '6.8', '犬舍惊魂', 'https://www.wuhaozhan.net/movie/1000406', '1393087421255651328', '2021-05-14 14:53:35', '2021-05-14 14:53:35');
INSERT INTO `spider_movie_info` VALUES (326, '4.1', '总有刁民想害朕', 'https://www.wuhaozhan.net/movie/1009676', '1393087421255651328', '2021-05-14 14:53:35', '2021-05-14 14:53:35');
INSERT INTO `spider_movie_info` VALUES (327, '6.3', '带我去月球', 'https://www.wuhaozhan.net/movie/1008420', '1393087421255651328', '2021-05-14 14:53:35', '2021-05-14 14:53:35');
INSERT INTO `spider_movie_info` VALUES (328, '暂无评分', '达芙妮', 'https://www.wuhaozhan.net/movie/1005996', '1393087421255651328', '2021-05-14 14:53:35', '2021-05-14 14:53:35');
INSERT INTO `spider_movie_info` VALUES (329, '5.4', '十年台湾', 'https://www.wuhaozhan.net/movie/1001342', '1393087421255651328', '2021-05-14 14:53:35', '2021-05-14 14:53:35');
INSERT INTO `spider_movie_info` VALUES (330, '7.9', '开战', 'https://www.wuhaozhan.net/movie/1000396', '1393087421255651328', '2021-05-14 14:53:35', '2021-05-14 14:53:35');
INSERT INTO `spider_movie_info` VALUES (331, '4.3', '稻草人', 'https://www.wuhaozhan.net/movie/1009666', '1393087421255651328', '2021-05-14 14:53:35', '2021-05-14 14:53:35');
INSERT INTO `spider_movie_info` VALUES (332, '6.7', '第一名', 'https://www.wuhaozhan.net/movie/1008410', '1393087421255651328', '2021-05-14 14:53:35', '2021-05-14 14:53:35');
INSERT INTO `spider_movie_info` VALUES (333, '7.0', '最后的审判', 'https://www.wuhaozhan.net/movie/1005976', '1393087421255651328', '2021-05-14 14:53:35', '2021-05-14 14:53:35');
INSERT INTO `spider_movie_info` VALUES (334, '暂无评分', '我叫为何', 'https://www.wuhaozhan.net/movie/1003633', '1393087421255651328', '2021-05-14 14:53:35', '2021-05-14 14:53:35');
INSERT INTO `spider_movie_info` VALUES (335, '4.4', '即时死亡', 'https://www.wuhaozhan.net/movie/1009656', '1393087421255651328', '2021-05-14 14:53:35', '2021-05-14 14:53:35');
INSERT INTO `spider_movie_info` VALUES (336, '7.5', '另一面', 'https://www.wuhaozhan.net/movie/1008399', '1393087421255651328', '2021-05-14 14:53:35', '2021-05-14 14:53:35');
INSERT INTO `spider_movie_info` VALUES (337, '7.2', '年轻的阿迈德', 'https://www.wuhaozhan.net/movie/1005952', '1393087421255651328', '2021-05-14 14:53:35', '2021-05-14 14:53:35');
INSERT INTO `spider_movie_info` VALUES (338, '4.5', '青天降妖录', 'https://www.wuhaozhan.net/movie/1009646', '1393087421255651328', '2021-05-14 14:53:35', '2021-05-14 14:53:35');
INSERT INTO `spider_movie_info` VALUES (339, '5.7', '复仇行动', 'https://www.wuhaozhan.net/movie/1008385', '1393087421255651328', '2021-05-14 14:53:35', '2021-05-14 14:53:35');
INSERT INTO `spider_movie_info` VALUES (340, '4.7', '一家两口', 'https://www.wuhaozhan.net/movie/1009636', '1393087421255651328', '2021-05-14 14:53:35', '2021-05-14 14:53:35');
INSERT INTO `spider_movie_info` VALUES (341, '7.3', '信使', 'https://www.wuhaozhan.net/movie/1014343', '1393087421255651328', '2021-05-14 14:53:35', '2021-05-14 14:53:35');
INSERT INTO `spider_movie_info` VALUES (342, '暂无评分', '冷血悍将', 'https://www.wuhaozhan.net/movie/1014362', '1393087421255651328', '2021-05-14 14:53:35', '2021-05-14 14:53:35');
INSERT INTO `spider_movie_info` VALUES (343, '8.6', '兹山鱼谱', 'https://www.wuhaozhan.net/movie/1014386', '1393087421255651328', '2021-05-14 14:53:35', '2021-05-14 14:53:35');
INSERT INTO `spider_movie_info` VALUES (344, '暂无评分', '骗徒一家亲', 'https://www.wuhaozhan.net/movie/1014435', '1393087421255651328', '2021-05-14 14:53:35', '2021-05-14 14:53:35');
INSERT INTO `spider_movie_info` VALUES (345, '暂无评分', '雷霆女神', 'https://www.wuhaozhan.net/movie/1014228', '1393087421255651328', '2021-05-14 14:53:35', '2021-05-14 14:53:35');
INSERT INTO `spider_movie_info` VALUES (346, '6.9', '未知时间的爱', 'https://www.wuhaozhan.net/movie/1014262', '1393087421255651328', '2021-05-14 14:53:35', '2021-05-14 14:53:35');
INSERT INTO `spider_movie_info` VALUES (347, '6.5', '徐福', 'https://www.wuhaozhan.net/movie/1014287', '1393087421255651328', '2021-05-14 14:53:35', '2021-05-14 14:53:35');
INSERT INTO `spider_movie_info` VALUES (348, '8.0', '小人物2021', 'https://www.wuhaozhan.net/movie/1014326', '1393087421255651328', '2021-05-14 14:53:35', '2021-05-14 14:53:35');
INSERT INTO `spider_movie_info` VALUES (349, '6.2', '兴安岭猎人传说', 'https://www.wuhaozhan.net/movie/1014202', '1393087421255651328', '2021-05-14 14:53:35', '2021-05-14 14:53:35');
INSERT INTO `spider_movie_info` VALUES (350, '7.9', '燃烧', 'https://www.wuhaozhan.net/movie/1000075', '1393087421255651328', '2021-05-14 14:53:35', '2021-05-14 14:53:35');
INSERT INTO `spider_movie_info` VALUES (351, '3.1', '爱情公寓', 'https://www.wuhaozhan.net/movie/1000064', '1393087421255651328', '2021-05-14 14:53:35', '2021-05-14 14:53:35');
INSERT INTO `spider_movie_info` VALUES (352, '5.7', '巨齿鲨', 'https://www.wuhaozhan.net/movie/1000053', '1393087421255651328', '2021-05-14 14:53:35', '2021-05-14 14:53:35');
INSERT INTO `spider_movie_info` VALUES (353, '7.5', '死亡天使', 'https://www.wuhaozhan.net/movie/1000156', '1393087421255651328', '2021-05-14 14:53:35', '2021-05-14 14:53:35');
INSERT INTO `spider_movie_info` VALUES (354, '3.7', '猛虫过江', 'https://www.wuhaozhan.net/movie/1000144', '1393087421255651328', '2021-05-14 14:53:35', '2021-05-14 14:53:35');
INSERT INTO `spider_movie_info` VALUES (355, '7.3', '咖啡未冷前', 'https://www.wuhaozhan.net/movie/1000130', '1393087421255651328', '2021-05-14 14:53:35', '2021-05-14 14:53:35');
INSERT INTO `spider_movie_info` VALUES (356, '6.4', '阿尔法：狼伴归途', 'https://www.wuhaozhan.net/movie/1000119', '1393087421255651328', '2021-05-14 14:53:35', '2021-05-14 14:53:35');
INSERT INTO `spider_movie_info` VALUES (357, '8.2', '现在去见你', 'https://www.wuhaozhan.net/movie/1000108', '1393087421255651328', '2021-05-14 14:53:35', '2021-05-14 14:53:35');
INSERT INTO `spider_movie_info` VALUES (358, '6.7', '副总统', 'https://www.wuhaozhan.net/movie/1000098', '1393087421255651328', '2021-05-14 14:53:35', '2021-05-14 14:53:35');
INSERT INTO `spider_movie_info` VALUES (359, '7.1', '灵魂摆渡·黄泉', 'https://www.wuhaozhan.net/movie/1000085', '1393087421255651328', '2021-05-14 14:53:35', '2021-05-14 14:53:35');
INSERT INTO `spider_movie_info` VALUES (360, '8.2', '信笺故事', 'https://www.wuhaozhan.net/movie/1000203', '1393087421255651328', '2021-05-14 14:53:35', '2021-05-14 14:53:35');
INSERT INTO `spider_movie_info` VALUES (361, '7.6', '阿拉姜色', 'https://www.wuhaozhan.net/movie/1000183', '1393087421255651328', '2021-05-14 14:53:35', '2021-05-14 14:53:35');
INSERT INTO `spider_movie_info` VALUES (362, '5.3', '泄密者', 'https://www.wuhaozhan.net/movie/1000178', '1393087421255651328', '2021-05-14 14:53:35', '2021-05-14 14:53:35');
INSERT INTO `spider_movie_info` VALUES (363, '6.5', '哆啦A梦：大雄的金银岛', 'https://www.wuhaozhan.net/movie/1000168', '1393087421255651328', '2021-05-14 14:53:35', '2021-05-14 14:53:35');
INSERT INTO `spider_movie_info` VALUES (364, '6.6', '抓人游戏', 'https://www.wuhaozhan.net/movie/1000269', '1393087421255651328', '2021-05-14 14:53:35', '2021-05-14 14:53:35');
INSERT INTO `spider_movie_info` VALUES (365, '5.0', '屠宰场准则', 'https://www.wuhaozhan.net/movie/1000259', '1393087421255651328', '2021-05-14 14:53:35', '2021-05-14 14:53:35');
INSERT INTO `spider_movie_info` VALUES (366, '5.7', '重塑人生', 'https://www.wuhaozhan.net/movie/1000246', '1393087421255651328', '2021-05-14 14:53:35', '2021-05-14 14:53:35');
INSERT INTO `spider_movie_info` VALUES (367, '6.8', '未择之路', 'https://www.wuhaozhan.net/movie/1000236', '1393087421255651328', '2021-05-14 14:53:35', '2021-05-14 14:53:35');
INSERT INTO `spider_movie_info` VALUES (368, '6.8', '22英里', 'https://www.wuhaozhan.net/movie/1000223', '1393087421255651328', '2021-05-14 14:53:35', '2021-05-14 14:53:35');
INSERT INTO `spider_movie_info` VALUES (369, '7.6', '去年冬天与你分手', 'https://www.wuhaozhan.net/movie/1000213', '1393087421255651328', '2021-05-14 14:53:35', '2021-05-14 14:53:35');
INSERT INTO `spider_movie_info` VALUES (370, '5.6', '疯狂这一年', 'https://www.wuhaozhan.net/movie/1001166', '1393087421255651328', '2021-05-14 14:53:35', '2021-05-14 14:53:35');
INSERT INTO `spider_movie_info` VALUES (371, '6.1', '熟视无睹', 'https://www.wuhaozhan.net/movie/1001156', '1393087421255651328', '2021-05-14 14:53:35', '2021-05-14 14:53:35');
INSERT INTO `spider_movie_info` VALUES (372, '2.5', '凌晨两点半', 'https://www.wuhaozhan.net/movie/1001255', '1393087421255651328', '2021-05-14 14:53:35', '2021-05-14 14:53:35');
INSERT INTO `spider_movie_info` VALUES (373, '3.1', '暴走狂花', 'https://www.wuhaozhan.net/movie/1001245', '1393087421255651328', '2021-05-14 14:53:35', '2021-05-14 14:53:35');
INSERT INTO `spider_movie_info` VALUES (374, '3.7', '大传说', 'https://www.wuhaozhan.net/movie/1001235', '1393087421255651328', '2021-05-14 14:53:35', '2021-05-14 14:53:35');
INSERT INTO `spider_movie_info` VALUES (375, '4.1', '白门五甲', 'https://www.wuhaozhan.net/movie/1001225', '1393087421255651328', '2021-05-14 14:53:35', '2021-05-14 14:53:35');
INSERT INTO `spider_movie_info` VALUES (376, '4.5', '我来过', 'https://www.wuhaozhan.net/movie/1001211', '1393087421255651328', '2021-05-14 14:53:35', '2021-05-14 14:53:35');
INSERT INTO `spider_movie_info` VALUES (377, '4.2', '刺客密码', 'https://www.wuhaozhan.net/movie/1001219', '1393087421255651328', '2021-05-14 14:53:35', '2021-05-14 14:53:35');
INSERT INTO `spider_movie_info` VALUES (378, '5.1', '异族领主', 'https://www.wuhaozhan.net/movie/1001189', '1393087421255651328', '2021-05-14 14:53:35', '2021-05-14 14:53:35');
INSERT INTO `spider_movie_info` VALUES (379, '5.3', '卧底', 'https://www.wuhaozhan.net/movie/1001178', '1393087421255651328', '2021-05-14 14:53:35', '2021-05-14 14:53:35');
INSERT INTO `spider_movie_info` VALUES (380, '6.5', '同指婚事', 'https://www.wuhaozhan.net/movie/1001289', '1393087421255651328', '2021-05-14 14:53:35', '2021-05-14 14:53:35');
INSERT INTO `spider_movie_info` VALUES (381, '6.8', '舞术巨星', 'https://www.wuhaozhan.net/movie/1001278', '1393087421255651328', '2021-05-14 14:53:35', '2021-05-14 14:53:35');
INSERT INTO `spider_movie_info` VALUES (382, '7.6', '公路冤家', 'https://www.wuhaozhan.net/movie/1001265', '1393087421255651328', '2021-05-14 14:53:35', '2021-05-14 14:53:35');
INSERT INTO `spider_movie_info` VALUES (383, '6.7', '你好，之华', 'https://www.wuhaozhan.net/movie/1000042', '1393087421255651328', '2021-05-14 14:53:35', '2021-05-14 14:53:35');
INSERT INTO `spider_movie_info` VALUES (384, '4.2', '玉米地的小孩：大逃亡', 'https://www.wuhaozhan.net/movie/1001368', '1393087421255651328', '2021-05-14 14:53:35', '2021-05-14 14:53:35');
INSERT INTO `spider_movie_info` VALUES (385, '7.3', '死侍2：我爱我家', 'https://www.wuhaozhan.net/movie/1000032', '1393087421255651328', '2021-05-14 14:53:35', '2021-05-14 14:53:35');
INSERT INTO `spider_movie_info` VALUES (386, '4.9', '青涩之恋', 'https://www.wuhaozhan.net/movie/1001356', '1393087421255651328', '2021-05-14 14:53:35', '2021-05-14 14:53:35');
INSERT INTO `spider_movie_info` VALUES (387, '8.1', '无敌破坏王2：大闹互联网', 'https://www.wuhaozhan.net/movie/1000021', '1393087421255651328', '2021-05-14 14:53:35', '2021-05-14 14:53:35');
INSERT INTO `spider_movie_info` VALUES (388, '5.3', '探戈一号', 'https://www.wuhaozhan.net/movie/1001344', '1393087421255651328', '2021-05-14 14:53:35', '2021-05-14 14:53:35');
INSERT INTO `spider_movie_info` VALUES (389, '8.1', '无名之辈', 'https://www.wuhaozhan.net/movie/1000009', '1393087421255651328', '2021-05-14 14:53:35', '2021-05-14 14:53:35');
INSERT INTO `spider_movie_info` VALUES (390, '5.6', '荒神', 'https://www.wuhaozhan.net/movie/1001331', '1393087421255651328', '2021-05-14 14:53:35', '2021-05-14 14:53:35');
INSERT INTO `spider_movie_info` VALUES (391, '5.9', '朝政', 'https://www.wuhaozhan.net/movie/1001321', '1393087421255651328', '2021-05-14 14:53:35', '2021-05-14 14:53:35');
INSERT INTO `spider_movie_info` VALUES (392, '6.1', '青少年抑制', 'https://www.wuhaozhan.net/movie/1001310', '1393087421255651328', '2021-05-14 14:53:35', '2021-05-14 14:53:35');
INSERT INTO `spider_movie_info` VALUES (393, '6.3', '犯罪的回送', 'https://www.wuhaozhan.net/movie/1001299', '1393087421255651328', '2021-05-14 14:53:35', '2021-05-14 14:53:35');
INSERT INTO `spider_movie_info` VALUES (394, '6.6', '三傻闹地球', 'https://www.wuhaozhan.net/movie/1006920', '1393087421255651328', '2021-05-14 14:53:35', '2021-05-14 14:53:35');
INSERT INTO `spider_movie_info` VALUES (395, '9.1', '杜嘉班纳2019春夏女装秀', 'https://www.wuhaozhan.net/movie/1006909', '1393087421255651328', '2021-05-14 14:53:35', '2021-05-14 14:53:35');
INSERT INTO `spider_movie_info` VALUES (396, '2.5', '亚瑟王和圆桌骑士', 'https://www.wuhaozhan.net/movie/1009756', '1393087421255651328', '2021-05-14 14:53:35', '2021-05-14 14:53:35');
INSERT INTO `spider_movie_info` VALUES (397, '2.9', '超能落榜生', 'https://www.wuhaozhan.net/movie/1009746', '1393087421255651328', '2021-05-14 14:53:35', '2021-05-14 14:53:35');
INSERT INTO `spider_movie_info` VALUES (398, '3.1', '南部僵尸来袭', 'https://www.wuhaozhan.net/movie/1009736', '1393087421255651328', '2021-05-14 14:53:35', '2021-05-14 14:53:35');
INSERT INTO `spider_movie_info` VALUES (399, '6.0', '狼人', 'https://www.wuhaozhan.net/movie/1006975', '1393087421255651328', '2021-05-14 14:53:35', '2021-05-14 14:53:35');
INSERT INTO `spider_movie_info` VALUES (400, '7.8', '玛格丽特公主：王室叛逆', 'https://www.wuhaozhan.net/movie/1006965', '1393087421255651328', '2021-05-14 14:53:35', '2021-05-14 14:53:35');
INSERT INTO `spider_movie_info` VALUES (401, '4.6', '开学悸', 'https://www.wuhaozhan.net/movie/1006954', '1393087421255651328', '2021-05-14 14:53:35', '2021-05-14 14:53:35');
INSERT INTO `spider_movie_info` VALUES (402, '6.1', '王国', 'https://www.wuhaozhan.net/movie/1006943', '1393087421255651328', '2021-05-14 14:53:35', '2021-05-14 14:53:35');
INSERT INTO `spider_movie_info` VALUES (403, '6.5', '呼吸', 'https://www.wuhaozhan.net/movie/1006933', '1393087421255651328', '2021-05-14 14:53:35', '2021-05-14 14:53:35');
INSERT INTO `spider_movie_info` VALUES (404, '4.4', '最后的狙击战', 'https://www.wuhaozhan.net/movie/1007041', '1393087421255651328', '2021-05-14 14:53:35', '2021-05-14 14:53:35');
INSERT INTO `spider_movie_info` VALUES (405, '6.4', '意大利制造', 'https://www.wuhaozhan.net/movie/1007029', '1393087421255651328', '2021-05-14 14:53:35', '2021-05-14 14:53:35');
INSERT INTO `spider_movie_info` VALUES (406, '8.3', '全金属狂潮 Into the Blue', 'https://www.wuhaozhan.net/movie/1007019', '1393087421255651328', '2021-05-14 14:53:35', '2021-05-14 14:53:35');
INSERT INTO `spider_movie_info` VALUES (407, '5.4', '御龙修仙传', 'https://www.wuhaozhan.net/movie/1007009', '1393087421255651328', '2021-05-14 14:53:35', '2021-05-14 14:53:35');
INSERT INTO `spider_movie_info` VALUES (408, '6.8', '亲爱的艾琳', 'https://www.wuhaozhan.net/movie/1006999', '1393087421255651328', '2021-05-14 14:53:35', '2021-05-14 14:53:35');
INSERT INTO `spider_movie_info` VALUES (409, '8.8', '英村脑残故事 特别篇', 'https://www.wuhaozhan.net/movie/1006989', '1393087421255651328', '2021-05-14 14:53:35', '2021-05-14 14:53:35');
INSERT INTO `spider_movie_info` VALUES (410, '8.7', '青春期猪头少年不做怀梦少女的梦', 'https://www.wuhaozhan.net/movie/1005407', '1393087421255651328', '2021-05-14 14:53:35', '2021-05-14 14:53:35');
INSERT INTO `spider_movie_info` VALUES (411, '暂无评分', '暗影出击', 'https://www.wuhaozhan.net/movie/1005569', '1393087421255651328', '2021-05-14 14:53:35', '2021-05-14 14:53:35');
INSERT INTO `spider_movie_info` VALUES (412, '4.9', '超级APP', 'https://www.wuhaozhan.net/movie/1001465', '1393087421255651328', '2021-05-14 14:53:35', '2021-05-14 14:53:35');
INSERT INTO `spider_movie_info` VALUES (413, '3.1', '夺命五头鲨', 'https://www.wuhaozhan.net/movie/1008170', '1393087421255651328', '2021-05-14 14:53:35', '2021-05-14 14:53:35');
INSERT INTO `spider_movie_info` VALUES (414, '暂无评分', '法医秦明之致命小说', 'https://www.wuhaozhan.net/movie/1005560', '1393087421255651328', '2021-05-14 14:53:35', '2021-05-14 14:53:35');
INSERT INTO `spider_movie_info` VALUES (415, '6.1', '创世草案', 'https://www.wuhaozhan.net/movie/1001454', '1393087421255651328', '2021-05-14 14:53:35', '2021-05-14 14:53:35');
INSERT INTO `spider_movie_info` VALUES (416, '7.5', '望月', 'https://www.wuhaozhan.net/movie/1009421', '1393087421255651328', '2021-05-14 14:53:35', '2021-05-14 14:53:35');
INSERT INTO `spider_movie_info` VALUES (417, '7.7', '我的英雄学院OAD2：死亡训练', 'https://www.wuhaozhan.net/movie/1008160', '1393087421255651328', '2021-05-14 14:53:35', '2021-05-14 14:53:35');
INSERT INTO `spider_movie_info` VALUES (418, '暂无评分', '战胜自我', 'https://www.wuhaozhan.net/movie/1005545', '1393087421255651328', '2021-05-14 14:53:35', '2021-05-14 14:53:35');
INSERT INTO `spider_movie_info` VALUES (419, '6.3', '雨中的秋城', 'https://www.wuhaozhan.net/movie/1001444', '1393087421255651328', '2021-05-14 14:53:35', '2021-05-14 14:53:35');
INSERT INTO `spider_movie_info` VALUES (420, '5.1', '乜代宗师', 'https://www.wuhaozhan.net/movie/1012125', '1393087421255651328', '2021-05-14 14:53:35', '2021-05-14 14:53:35');
INSERT INTO `spider_movie_info` VALUES (421, '7.7', '伊迪', 'https://www.wuhaozhan.net/movie/1009411', '1393087421255651328', '2021-05-14 14:53:35', '2021-05-14 14:53:35');
INSERT INTO `spider_movie_info` VALUES (422, '7.4', '假面骑士平成世代 FINAL Build &amp; EX-AID with 传说骑士', 'https://www.wuhaozhan.net/movie/1008149', '1393087421255651328', '2021-05-14 14:53:35', '2021-05-14 14:53:35');
INSERT INTO `spider_movie_info` VALUES (423, '6.3', '攀登者', 'https://www.wuhaozhan.net/movie/1005488', '1393087421255651328', '2021-05-14 14:53:35', '2021-05-14 14:53:35');
INSERT INTO `spider_movie_info` VALUES (424, '6.6', '萌犬偷渡记', 'https://www.wuhaozhan.net/movie/1001432', '1393087421255651328', '2021-05-14 14:53:35', '2021-05-14 14:53:35');
INSERT INTO `spider_movie_info` VALUES (425, '暂无评分', '不朽的意识', 'https://www.wuhaozhan.net/movie/1012106', '1393087421255651328', '2021-05-14 14:53:35', '2021-05-14 14:53:35');
INSERT INTO `spider_movie_info` VALUES (426, '8.1', '纪实72小时 宫崎 路边钢琴所奏出的乐音', 'https://www.wuhaozhan.net/movie/1009401', '1393087421255651328', '2021-05-14 14:53:35', '2021-05-14 14:53:35');
INSERT INTO `spider_movie_info` VALUES (427, '5.7', '内裤队长', 'https://www.wuhaozhan.net/movie/1008138', '1393087421255651328', '2021-05-14 14:53:35', '2021-05-14 14:53:35');
INSERT INTO `spider_movie_info` VALUES (428, '暂无评分', '冬有乔木夏有雪', 'https://www.wuhaozhan.net/movie/1005512', '1393087421255651328', '2021-05-14 14:53:35', '2021-05-14 14:53:35');
INSERT INTO `spider_movie_info` VALUES (429, '6.8', '盛装舞步', 'https://www.wuhaozhan.net/movie/1001421', '1393087421255651328', '2021-05-14 14:53:35', '2021-05-14 14:53:35');
INSERT INTO `spider_movie_info` VALUES (430, '暂无评分', '内森的王国', 'https://www.wuhaozhan.net/movie/1012091', '1393087421255651328', '2021-05-14 14:53:35', '2021-05-14 14:53:35');
INSERT INTO `spider_movie_info` VALUES (431, '2.3', '血伞凶灵', 'https://www.wuhaozhan.net/movie/1009391', '1393087421255651328', '2021-05-14 14:53:35', '2021-05-14 14:53:35');
INSERT INTO `spider_movie_info` VALUES (432, '6.2', '炎夏之夜', 'https://www.wuhaozhan.net/movie/1008126', '1393087421255651328', '2021-05-14 14:53:35', '2021-05-14 14:53:35');
INSERT INTO `spider_movie_info` VALUES (433, '7.1', '准备好了没', 'https://www.wuhaozhan.net/movie/1005495', '1393087421255651328', '2021-05-14 14:53:35', '2021-05-14 14:53:35');
INSERT INTO `spider_movie_info` VALUES (434, '7.0', '怜悯', 'https://www.wuhaozhan.net/movie/1001411', '1393087421255651328', '2021-05-14 14:53:35', '2021-05-14 14:53:35');
INSERT INTO `spider_movie_info` VALUES (435, '6.1', '夺命公寓', 'https://www.wuhaozhan.net/movie/1012073', '1393087421255651328', '2021-05-14 14:53:35', '2021-05-14 14:53:35');
INSERT INTO `spider_movie_info` VALUES (436, '2.7', '杜丽娘', 'https://www.wuhaozhan.net/movie/1009381', '1393087421255651328', '2021-05-14 14:53:35', '2021-05-14 14:53:35');
INSERT INTO `spider_movie_info` VALUES (437, '5.4', '灵异空间', 'https://www.wuhaozhan.net/movie/1008116', '1393087421255651328', '2021-05-14 14:53:35', '2021-05-14 14:53:35');
INSERT INTO `spider_movie_info` VALUES (438, '9.0', '小丑', 'https://www.wuhaozhan.net/movie/1005372', '1393087421255651328', '2021-05-14 14:53:35', '2021-05-14 14:53:35');
INSERT INTO `spider_movie_info` VALUES (439, '7.5', '霍夫曼奇遇记', 'https://www.wuhaozhan.net/movie/1001400', '1393087421255651328', '2021-05-14 14:53:35', '2021-05-14 14:53:35');
INSERT INTO `spider_movie_info` VALUES (440, '暂无评分', '100天宝贝', 'https://www.wuhaozhan.net/movie/1012055', '1393087421255651328', '2021-05-14 14:53:35', '2021-05-14 14:53:35');
INSERT INTO `spider_movie_info` VALUES (441, '3.5', '僵尸集团', 'https://www.wuhaozhan.net/movie/1009371', '1393087421255651328', '2021-05-14 14:53:35', '2021-05-14 14:53:35');
INSERT INTO `spider_movie_info` VALUES (442, '5.6', '春&amp;夏事件簿', 'https://www.wuhaozhan.net/movie/1008106', '1393087421255651328', '2021-05-14 14:53:35', '2021-05-14 14:53:35');
INSERT INTO `spider_movie_info` VALUES (443, '7.2', '鹿皮', 'https://www.wuhaozhan.net/movie/1005456', '1393087421255651328', '2021-05-14 14:53:35', '2021-05-14 14:53:35');
INSERT INTO `spider_movie_info` VALUES (444, '2.5', '寻找黎明', 'https://www.wuhaozhan.net/movie/1001390', '1393087421255651328', '2021-05-14 14:53:35', '2021-05-14 14:53:35');
INSERT INTO `spider_movie_info` VALUES (445, '暂无评分', '无双花木兰', 'https://www.wuhaozhan.net/movie/1011429', '1393087421255651328', '2021-05-14 14:53:35', '2021-05-14 14:53:35');
INSERT INTO `spider_movie_info` VALUES (446, '3.8', '沙丘魔蚁', 'https://www.wuhaozhan.net/movie/1009359', '1393087421255651328', '2021-05-14 14:53:35', '2021-05-14 14:53:35');
INSERT INTO `spider_movie_info` VALUES (447, '6.6', '刺杀盖世太保', 'https://www.wuhaozhan.net/movie/1008095', '1393087421255651328', '2021-05-14 14:53:35', '2021-05-14 14:53:35');
INSERT INTO `spider_movie_info` VALUES (448, '6.7', '天使陷落', 'https://www.wuhaozhan.net/movie/1005393', '1393087421255651328', '2021-05-14 14:53:35', '2021-05-14 14:53:35');
INSERT INTO `spider_movie_info` VALUES (449, '3.4', '一日暴毙', 'https://www.wuhaozhan.net/movie/1001379', '1393087421255651328', '2021-05-14 14:53:35', '2021-05-14 14:53:35');
INSERT INTO `spider_movie_info` VALUES (450, '暂无评分', '鬼屋脱身', 'https://www.wuhaozhan.net/movie/1010779', '1393087421255651328', '2021-05-14 14:53:35', '2021-05-14 14:53:35');
INSERT INTO `spider_movie_info` VALUES (451, '4.1', '骨之谷', 'https://www.wuhaozhan.net/movie/1009348', '1393087421255651328', '2021-05-14 14:53:35', '2021-05-14 14:53:35');
INSERT INTO `spider_movie_info` VALUES (452, '6.8', '小马宝莉大电影', 'https://www.wuhaozhan.net/movie/1008085', '1393087421255651328', '2021-05-14 14:53:35', '2021-05-14 14:53:35');
INSERT INTO `spider_movie_info` VALUES (453, '8.2', '克劳斯：圣诞节的秘密', 'https://www.wuhaozhan.net/movie/1005427', '1393087421255651328', '2021-05-14 14:53:35', '2021-05-14 14:53:35');
INSERT INTO `spider_movie_info` VALUES (454, '暂无评分', '我的美女室友', 'https://www.wuhaozhan.net/movie/1010768', '1393087421255651328', '2021-05-14 14:53:35', '2021-05-14 14:53:35');
INSERT INTO `spider_movie_info` VALUES (455, '4.3', '新雌雄大盗', 'https://www.wuhaozhan.net/movie/1009338', '1393087421255651328', '2021-05-14 14:53:35', '2021-05-14 14:53:35');
INSERT INTO `spider_movie_info` VALUES (456, '9.5', '野性巴黎', 'https://www.wuhaozhan.net/movie/1008075', '1393087421255651328', '2021-05-14 14:53:35', '2021-05-14 14:53:35');
INSERT INTO `spider_movie_info` VALUES (457, '7.2', '昭和64年 前篇', 'https://www.wuhaozhan.net/movie/1012052', '1393087421255651328', '2021-05-14 14:53:35', '2021-05-14 14:53:35');
INSERT INTO `spider_movie_info` VALUES (458, '4.6', '黑暗录像带', 'https://www.wuhaozhan.net/movie/1009327', '1393087421255651328', '2021-05-14 14:53:35', '2021-05-14 14:53:35');
INSERT INTO `spider_movie_info` VALUES (459, '4.8', '恶人报喜', 'https://www.wuhaozhan.net/movie/1012042', '1393087421255651328', '2021-05-14 14:53:35', '2021-05-14 14:53:35');
INSERT INTO `spider_movie_info` VALUES (460, '7.0', '哈纳莱伊湾', 'https://www.wuhaozhan.net/movie/1000465', '1393087421255651328', '2021-05-14 14:53:35', '2021-05-14 14:53:35');
INSERT INTO `spider_movie_info` VALUES (461, '暂无评分', '骏马奥斯温3', 'https://www.wuhaozhan.net/movie/1003430', '1393087421255651328', '2021-05-14 14:53:35', '2021-05-14 14:53:35');
INSERT INTO `spider_movie_info` VALUES (462, '6.6', '再见 南屏晚钟', 'https://www.wuhaozhan.net/movie/1005736', '1393087421255651328', '2021-05-14 14:53:35', '2021-05-14 14:53:35');
INSERT INTO `spider_movie_info` VALUES (463, '5.0', '人肉农场', 'https://www.wuhaozhan.net/movie/1001196', '1393087421255651328', '2021-05-14 14:53:35', '2021-05-14 14:53:35');
INSERT INTO `spider_movie_info` VALUES (464, '8.3', '请问您今天要来点兔子吗 剧场版', 'https://www.wuhaozhan.net/movie/1008270', '1393087421255651328', '2021-05-14 14:53:35', '2021-05-14 14:53:35');
INSERT INTO `spider_movie_info` VALUES (465, '7.7', '外出偷马', 'https://www.wuhaozhan.net/movie/1005729', '1393087421255651328', '2021-05-14 14:53:35', '2021-05-14 14:53:35');
INSERT INTO `spider_movie_info` VALUES (466, '8.3', '摇摆狂潮', 'https://www.wuhaozhan.net/movie/1000087', '1393087421255651328', '2021-05-14 14:53:35', '2021-05-14 14:53:35');
INSERT INTO `spider_movie_info` VALUES (467, '6.1', '出入爱情', 'https://www.wuhaozhan.net/movie/1009521', '1393087421255651328', '2021-05-14 14:53:35', '2021-05-14 14:53:35');
INSERT INTO `spider_movie_info` VALUES (468, '6.4', '南瓜与蛋黄酱', 'https://www.wuhaozhan.net/movie/1008260', '1393087421255651328', '2021-05-14 14:53:35', '2021-05-14 14:53:35');
INSERT INTO `spider_movie_info` VALUES (469, '6.6', '长安道', 'https://www.wuhaozhan.net/movie/1005710', '1393087421255651328', '2021-05-14 14:53:35', '2021-05-14 14:53:35');
INSERT INTO `spider_movie_info` VALUES (470, '7.5', '印第安·豪斯', 'https://www.wuhaozhan.net/movie/1003384', '1393087421255651328', '2021-05-14 14:53:35', '2021-05-14 14:53:35');
INSERT INTO `spider_movie_info` VALUES (471, '暂无评分', '哪吒降妖记', 'https://www.wuhaozhan.net/movie/1012322', '1393087421255651328', '2021-05-14 14:53:35', '2021-05-14 14:53:35');
INSERT INTO `spider_movie_info` VALUES (472, '6.2', '儿童十字军', 'https://www.wuhaozhan.net/movie/1009511', '1393087421255651328', '2021-05-14 14:53:35', '2021-05-14 14:53:35');
INSERT INTO `spider_movie_info` VALUES (473, '5.5', '看不见的守护者', 'https://www.wuhaozhan.net/movie/1008249', '1393087421255651328', '2021-05-14 14:53:35', '2021-05-14 14:53:35');
INSERT INTO `spider_movie_info` VALUES (474, '暂无评分', '破碎的玻璃', 'https://www.wuhaozhan.net/movie/1005701', '1393087421255651328', '2021-05-14 14:53:35', '2021-05-14 14:53:35');
INSERT INTO `spider_movie_info` VALUES (475, '暂无评分', '歌从何处来', 'https://www.wuhaozhan.net/movie/1003371', '1393087421255651328', '2021-05-14 14:53:35', '2021-05-14 14:53:35');
INSERT INTO `spider_movie_info` VALUES (476, '暂无评分', '杜尚：反艺术至上', 'https://www.wuhaozhan.net/movie/1012305', '1393087421255651328', '2021-05-14 14:53:35', '2021-05-14 14:53:35');
INSERT INTO `spider_movie_info` VALUES (477, '6.3', '幸福倦怠', 'https://www.wuhaozhan.net/movie/1009501', '1393087421255651328', '2021-05-14 14:53:35', '2021-05-14 14:53:35');
INSERT INTO `spider_movie_info` VALUES (478, '8.3', '特雷弗·诺亚：门廊上的古普塔', 'https://www.wuhaozhan.net/movie/1008239', '1393087421255651328', '2021-05-14 14:53:35', '2021-05-14 14:53:35');
INSERT INTO `spider_movie_info` VALUES (479, '7.4', '狮子今夜死亡', 'https://www.wuhaozhan.net/movie/1005680', '1393087421255651328', '2021-05-14 14:53:35', '2021-05-14 14:53:35');
INSERT INTO `spider_movie_info` VALUES (480, '7.4', '孤儿', 'https://www.wuhaozhan.net/movie/1003356', '1393087421255651328', '2021-05-14 14:53:35', '2021-05-14 14:53:35');
INSERT INTO `spider_movie_info` VALUES (481, '6.0', '消失的尸体', 'https://www.wuhaozhan.net/movie/1006370', '1393087421255651328', '2021-05-14 14:53:35', '2021-05-14 14:53:35');
INSERT INTO `spider_movie_info` VALUES (482, '6.4', '基加利的鸟儿在歌唱', 'https://www.wuhaozhan.net/movie/1009491', '1393087421255651328', '2021-05-14 14:53:35', '2021-05-14 14:53:35');
INSERT INTO `spider_movie_info` VALUES (483, '7.7', '最后的话', 'https://www.wuhaozhan.net/movie/1008229', '1393087421255651328', '2021-05-14 14:53:35', '2021-05-14 14:53:35');
INSERT INTO `spider_movie_info` VALUES (484, '暂无评分', '御天神兽', 'https://www.wuhaozhan.net/movie/1005667', '1393087421255651328', '2021-05-14 14:53:35', '2021-05-14 14:53:35');
INSERT INTO `spider_movie_info` VALUES (485, '6.0', '幻土', 'https://www.wuhaozhan.net/movie/1000917', '1393087421255651328', '2021-05-14 14:53:35', '2021-05-14 14:53:35');
INSERT INTO `spider_movie_info` VALUES (486, '6.4', '爱情人偶', 'https://www.wuhaozhan.net/movie/1012284', '1393087421255651328', '2021-05-14 14:53:35', '2021-05-14 14:53:35');
INSERT INTO `spider_movie_info` VALUES (487, '6.5', '安娜·卡列尼娜与她的情人', 'https://www.wuhaozhan.net/movie/1009481', '1393087421255651328', '2021-05-14 14:53:35', '2021-05-14 14:53:35');
INSERT INTO `spider_movie_info` VALUES (488, '7.1', '无处为家', 'https://www.wuhaozhan.net/movie/1008220', '1393087421255651328', '2021-05-14 14:53:35', '2021-05-14 14:53:35');
INSERT INTO `spider_movie_info` VALUES (489, '暂无评分', '后备箱里的人', 'https://www.wuhaozhan.net/movie/1005656', '1393087421255651328', '2021-05-14 14:53:35', '2021-05-14 14:53:35');
INSERT INTO `spider_movie_info` VALUES (490, '6.4', '白马王子', 'https://www.wuhaozhan.net/movie/1000553', '1393087421255651328', '2021-05-14 14:53:35', '2021-05-14 14:53:35');
INSERT INTO `spider_movie_info` VALUES (491, '暂无评分', '猎情人', 'https://www.wuhaozhan.net/movie/1012258', '1393087421255651328', '2021-05-14 14:53:35', '2021-05-14 14:53:35');
INSERT INTO `spider_movie_info` VALUES (492, '6.6', '周六夜现场：西尔莎·罗南/U2', 'https://www.wuhaozhan.net/movie/1009471', '1393087421255651328', '2021-05-14 14:53:35', '2021-05-14 14:53:35');
INSERT INTO `spider_movie_info` VALUES (493, '5.5', '承诺', 'https://www.wuhaozhan.net/movie/1008210', '1393087421255651328', '2021-05-14 14:53:35', '2021-05-14 14:53:35');
INSERT INTO `spider_movie_info` VALUES (494, '暂无评分', '摩比小子大电影', 'https://www.wuhaozhan.net/movie/1005641', '1393087421255651328', '2021-05-14 14:53:35', '2021-05-14 14:53:35');
INSERT INTO `spider_movie_info` VALUES (495, '7.3', '密室逃生', 'https://www.wuhaozhan.net/movie/1003305', '1393087421255651328', '2021-05-14 14:53:35', '2021-05-14 14:53:35');
INSERT INTO `spider_movie_info` VALUES (496, '6.3', '玛丽与魔女之花', 'https://www.wuhaozhan.net/movie/1007792', '1393087421255651328', '2021-05-14 14:53:35', '2021-05-14 14:53:35');
INSERT INTO `spider_movie_info` VALUES (497, '6.8', '荣誉传承', 'https://www.wuhaozhan.net/movie/1009461', '1393087421255651328', '2021-05-14 14:53:35', '2021-05-14 14:53:35');
INSERT INTO `spider_movie_info` VALUES (498, '7.2', '伯德里纳特的新娘', 'https://www.wuhaozhan.net/movie/1008200', '1393087421255651328', '2021-05-14 14:53:35', '2021-05-14 14:53:35');
INSERT INTO `spider_movie_info` VALUES (499, '7.3', '巴克劳', 'https://www.wuhaozhan.net/movie/1005624', '1393087421255651328', '2021-05-14 14:53:35', '2021-05-14 14:53:35');
INSERT INTO `spider_movie_info` VALUES (500, '暂无评分', '血战敖伦布拉格', 'https://www.wuhaozhan.net/movie/1003304', '1393087421255651328', '2021-05-14 14:53:35', '2021-05-14 14:53:35');
INSERT INTO `spider_movie_info` VALUES (501, '暂无评分', '幕间子', 'https://www.wuhaozhan.net/movie/1012203', '1393087421255651328', '2021-05-14 14:53:35', '2021-05-14 14:53:35');
INSERT INTO `spider_movie_info` VALUES (502, '7.0', 'One Room OVA', 'https://www.wuhaozhan.net/movie/1009451', '1393087421255651328', '2021-05-14 14:53:35', '2021-05-14 14:53:35');
INSERT INTO `spider_movie_info` VALUES (503, '6.2', '畸形屋', 'https://www.wuhaozhan.net/movie/1008190', '1393087421255651328', '2021-05-14 14:53:35', '2021-05-14 14:53:35');
INSERT INTO `spider_movie_info` VALUES (504, '6.8', '星际探索', 'https://www.wuhaozhan.net/movie/1005596', '1393087421255651328', '2021-05-14 14:53:35', '2021-05-14 14:53:35');
INSERT INTO `spider_movie_info` VALUES (505, '暂无评分', '精神病院', 'https://www.wuhaozhan.net/movie/1012175', '1393087421255651328', '2021-05-14 14:53:35', '2021-05-14 14:53:35');
INSERT INTO `spider_movie_info` VALUES (506, '7.2', '反击', 'https://www.wuhaozhan.net/movie/1009441', '1393087421255651328', '2021-05-14 14:53:35', '2021-05-14 14:53:35');
INSERT INTO `spider_movie_info` VALUES (507, '6.0', '猫和老鼠：查理和巧克力工厂', 'https://www.wuhaozhan.net/movie/1008180', '1393087421255651328', '2021-05-14 14:53:35', '2021-05-14 14:53:35');
INSERT INTO `spider_movie_info` VALUES (508, '暂无评分', '火云邪神之降龙十八掌', 'https://www.wuhaozhan.net/movie/1012156', '1393087421255651328', '2021-05-14 14:53:35', '2021-05-14 14:53:35');
INSERT INTO `spider_movie_info` VALUES (509, '7.4', '一位著名的病人', 'https://www.wuhaozhan.net/movie/1009431', '1393087421255651328', '2021-05-14 14:53:35', '2021-05-14 14:53:35');
INSERT INTO `spider_movie_info` VALUES (510, '暂无评分', '电梯男孩', 'https://www.wuhaozhan.net/movie/1012139', '1393087421255651328', '2021-05-14 14:53:35', '2021-05-14 14:53:35');
INSERT INTO `spider_movie_info` VALUES (511, '3.7', '临时演员', 'https://www.wuhaozhan.net/movie/1007860', '1393087421255651328', '2021-05-14 14:53:35', '2021-05-14 14:53:35');
INSERT INTO `spider_movie_info` VALUES (512, '7.3', '婚礼', 'https://www.wuhaozhan.net/movie/1009115', '1393087421255651328', '2021-05-14 14:53:35', '2021-05-14 14:53:35');
INSERT INTO `spider_movie_info` VALUES (513, '7.2', '鬼故事', 'https://www.wuhaozhan.net/movie/1007850', '1393087421255651328', '2021-05-14 14:53:35', '2021-05-14 14:53:35');
INSERT INTO `spider_movie_info` VALUES (514, '6.1', '宠物男孩', 'https://www.wuhaozhan.net/movie/1009217', '1393087421255651328', '2021-05-14 14:53:35', '2021-05-14 14:53:35');
INSERT INTO `spider_movie_info` VALUES (515, '6.3', '小情书', 'https://www.wuhaozhan.net/movie/1007951', '1393087421255651328', '2021-05-14 14:53:35', '2021-05-14 14:53:35');
INSERT INTO `spider_movie_info` VALUES (516, '5.3', '诛仙 Ⅰ', 'https://www.wuhaozhan.net/movie/1005171', '1393087421255651328', '2021-05-14 14:53:35', '2021-05-14 14:53:35');
INSERT INTO `spider_movie_info` VALUES (517, '4.7', '魔宫魅影', 'https://www.wuhaozhan.net/movie/1011932', '1393087421255651328', '2021-05-14 14:53:35', '2021-05-14 14:53:35');
INSERT INTO `spider_movie_info` VALUES (518, '6.2', '重返蒙托克', 'https://www.wuhaozhan.net/movie/1009207', '1393087421255651328', '2021-05-14 14:53:35', '2021-05-14 14:53:35');
INSERT INTO `spider_movie_info` VALUES (519, '6.9', '北方一片苍茫', 'https://www.wuhaozhan.net/movie/1007941', '1393087421255651328', '2021-05-14 14:53:35', '2021-05-14 14:53:35');
INSERT INTO `spider_movie_info` VALUES (520, '暂无评分', '大潮', 'https://www.wuhaozhan.net/movie/1005161', '1393087421255651328', '2021-05-14 14:53:35', '2021-05-14 14:53:35');
INSERT INTO `spider_movie_info` VALUES (521, '5.6', '非常父子档', 'https://www.wuhaozhan.net/movie/1011922', '1393087421255651328', '2021-05-14 14:53:35', '2021-05-14 14:53:35');
INSERT INTO `spider_movie_info` VALUES (522, '6.3', '温柔女子', 'https://www.wuhaozhan.net/movie/1009196', '1393087421255651328', '2021-05-14 14:53:35', '2021-05-14 14:53:35');
INSERT INTO `spider_movie_info` VALUES (523, '5.7', '东京食尸鬼 真人版', 'https://www.wuhaozhan.net/movie/1007931', '1393087421255651328', '2021-05-14 14:53:35', '2021-05-14 14:53:35');
INSERT INTO `spider_movie_info` VALUES (524, '暂无评分', '葛丽泰', 'https://www.wuhaozhan.net/movie/1005145', '1393087421255651328', '2021-05-14 14:53:35', '2021-05-14 14:53:35');
INSERT INTO `spider_movie_info` VALUES (525, '7.8', '无手的少女', 'https://www.wuhaozhan.net/movie/1011912', '1393087421255651328', '2021-05-14 14:53:35', '2021-05-14 14:53:35');
INSERT INTO `spider_movie_info` VALUES (526, '6.4', '狼皮之下', 'https://www.wuhaozhan.net/movie/1009186', '1393087421255651328', '2021-05-14 14:53:35', '2021-05-14 14:53:35');
INSERT INTO `spider_movie_info` VALUES (527, '4.4', '指甲刀人魔', 'https://www.wuhaozhan.net/movie/1007921', '1393087421255651328', '2021-05-14 14:53:35', '2021-05-14 14:53:35');
INSERT INTO `spider_movie_info` VALUES (528, '暂无评分', '东游', 'https://www.wuhaozhan.net/movie/1005130', '1393087421255651328', '2021-05-14 14:53:35', '2021-05-14 14:53:35');
INSERT INTO `spider_movie_info` VALUES (529, '4.8', '第五波', 'https://www.wuhaozhan.net/movie/1011902', '1393087421255651328', '2021-05-14 14:53:35', '2021-05-14 14:53:35');
INSERT INTO `spider_movie_info` VALUES (530, '6.5', '死于安乐', 'https://www.wuhaozhan.net/movie/1009176', '1393087421255651328', '2021-05-14 14:53:35', '2021-05-14 14:53:35');
INSERT INTO `spider_movie_info` VALUES (531, '6.8', '圣鹿之死', 'https://www.wuhaozhan.net/movie/1007910', '1393087421255651328', '2021-05-14 14:53:35', '2021-05-14 14:53:35');
INSERT INTO `spider_movie_info` VALUES (532, '暂无评分', '柴犬公园', 'https://www.wuhaozhan.net/movie/1005095', '1393087421255651328', '2021-05-14 14:53:35', '2021-05-14 14:53:35');
INSERT INTO `spider_movie_info` VALUES (533, '8.1', '追捕野蛮人', 'https://www.wuhaozhan.net/movie/1011891', '1393087421255651328', '2021-05-14 14:53:35', '2021-05-14 14:53:35');
INSERT INTO `spider_movie_info` VALUES (534, '6.7', 'BanG Dream! OVA', 'https://www.wuhaozhan.net/movie/1009165', '1393087421255651328', '2021-05-14 14:53:35', '2021-05-14 14:53:35');
INSERT INTO `spider_movie_info` VALUES (535, '6.8', '方法派', 'https://www.wuhaozhan.net/movie/1007900', '1393087421255651328', '2021-05-14 14:53:35', '2021-05-14 14:53:35');
INSERT INTO `spider_movie_info` VALUES (536, '暂无评分', '年度最佳学生2', 'https://www.wuhaozhan.net/movie/1005072', '1393087421255651328', '2021-05-14 14:53:35', '2021-05-14 14:53:35');
INSERT INTO `spider_movie_info` VALUES (537, '6.1', '四月是你的谎言', 'https://www.wuhaozhan.net/movie/1011879', '1393087421255651328', '2021-05-14 14:53:35', '2021-05-14 14:53:35');
INSERT INTO `spider_movie_info` VALUES (538, '6.7', '狭隘', 'https://www.wuhaozhan.net/movie/1009155', '1393087421255651328', '2021-05-14 14:53:35', '2021-05-14 14:53:35');
INSERT INTO `spider_movie_info` VALUES (539, '7.2', '生死之墙', 'https://www.wuhaozhan.net/movie/1007890', '1393087421255651328', '2021-05-14 14:53:35', '2021-05-14 14:53:35');
INSERT INTO `spider_movie_info` VALUES (540, '8.7', '少年泰坦出击大战少年泰坦', 'https://www.wuhaozhan.net/movie/1005052', '1393087421255651328', '2021-05-14 14:53:35', '2021-05-14 14:53:35');
INSERT INTO `spider_movie_info` VALUES (541, '7.5', '哥', 'https://www.wuhaozhan.net/movie/1011869', '1393087421255651328', '2021-05-14 14:53:35', '2021-05-14 14:53:35');
INSERT INTO `spider_movie_info` VALUES (542, '7.0', '狂赌之渊 SP 百花王女仆咖啡店', 'https://www.wuhaozhan.net/movie/1009145', '1393087421255651328', '2021-05-14 14:53:35', '2021-05-14 14:53:35');
INSERT INTO `spider_movie_info` VALUES (543, '8.0', '小戏骨：放开那三国', 'https://www.wuhaozhan.net/movie/1007880', '1393087421255651328', '2021-05-14 14:53:35', '2021-05-14 14:53:35');
INSERT INTO `spider_movie_info` VALUES (544, '暂无评分', '到你身边', 'https://www.wuhaozhan.net/movie/1005021', '1393087421255651328', '2021-05-14 14:53:35', '2021-05-14 14:53:35');
INSERT INTO `spider_movie_info` VALUES (545, '7.1', '救命解药', 'https://www.wuhaozhan.net/movie/1011859', '1393087421255651328', '2021-05-14 14:53:35', '2021-05-14 14:53:35');
INSERT INTO `spider_movie_info` VALUES (546, '7.1', '天落水', 'https://www.wuhaozhan.net/movie/1009135', '1393087421255651328', '2021-05-14 14:53:35', '2021-05-14 14:53:35');
INSERT INTO `spider_movie_info` VALUES (547, '7.8', '南汉山城', 'https://www.wuhaozhan.net/movie/1007870', '1393087421255651328', '2021-05-14 14:53:35', '2021-05-14 14:53:35');
INSERT INTO `spider_movie_info` VALUES (548, '8.4', '西葫芦的生活', 'https://www.wuhaozhan.net/movie/1011849', '1393087421255651328', '2021-05-14 14:53:35', '2021-05-14 14:53:35');
INSERT INTO `spider_movie_info` VALUES (549, '7.2', 'OK 亲爱的', 'https://www.wuhaozhan.net/movie/1009125', '1393087421255651328', '2021-05-14 14:53:35', '2021-05-14 14:53:35');
INSERT INTO `spider_movie_info` VALUES (550, '6.6', '那天的氛围', 'https://www.wuhaozhan.net/movie/1011839', '1393087421255651328', '2021-05-14 14:53:35', '2021-05-14 14:53:35');
INSERT INTO `spider_movie_info` VALUES (551, '暂无评分', '庞蒂雅娜的复仇', 'https://www.wuhaozhan.net/movie/1005222', '1393087421255651328', '2021-05-14 14:53:35', '2021-05-14 14:53:35');
INSERT INTO `spider_movie_info` VALUES (552, '4.2', '末日重启', 'https://www.wuhaozhan.net/movie/1007961', '1393087421255651328', '2021-05-14 14:53:35', '2021-05-14 14:53:35');
INSERT INTO `spider_movie_info` VALUES (553, '暂无评分', '无畏：中途岛之战', 'https://www.wuhaozhan.net/movie/1005203', '1393087421255651328', '2021-05-14 14:53:35', '2021-05-14 14:53:35');
INSERT INTO `spider_movie_info` VALUES (554, '5.4', '救僵清道夫', 'https://www.wuhaozhan.net/movie/1008064', '1393087421255651328', '2021-05-14 14:53:35', '2021-05-14 14:53:35');
INSERT INTO `spider_movie_info` VALUES (555, '暂无评分', '2019天猫双十一狂欢夜', 'https://www.wuhaozhan.net/movie/1005387', '1393087421255651328', '2021-05-14 14:53:35', '2021-05-14 14:53:35');
INSERT INTO `spider_movie_info` VALUES (556, '4.9', '要命的爱', 'https://www.wuhaozhan.net/movie/1009317', '1393087421255651328', '2021-05-14 14:53:35', '2021-05-14 14:53:35');
INSERT INTO `spider_movie_info` VALUES (557, '6.1', '远山恋人', 'https://www.wuhaozhan.net/movie/1008054', '1393087421255651328', '2021-05-14 14:53:35', '2021-05-14 14:53:35');
INSERT INTO `spider_movie_info` VALUES (558, '暂无评分', '火海营救', 'https://www.wuhaozhan.net/movie/1005366', '1393087421255651328', '2021-05-14 14:53:35', '2021-05-14 14:53:35');
INSERT INTO `spider_movie_info` VALUES (559, '6.5', '为什么是他？', 'https://www.wuhaozhan.net/movie/1012032', '1393087421255651328', '2021-05-14 14:53:35', '2021-05-14 14:53:35');
INSERT INTO `spider_movie_info` VALUES (560, '4.9', '唐人街1871', 'https://www.wuhaozhan.net/movie/1009307', '1393087421255651328', '2021-05-14 14:53:35', '2021-05-14 14:53:35');
INSERT INTO `spider_movie_info` VALUES (561, '8.9', '孤独的美食家正月特别篇：井之头五郎漫长的一天', 'https://www.wuhaozhan.net/movie/1008044', '1393087421255651328', '2021-05-14 14:53:35', '2021-05-14 14:53:35');
INSERT INTO `spider_movie_info` VALUES (562, '暂无评分', '伍德布鲁斯的异想天开之旅', 'https://www.wuhaozhan.net/movie/1005352', '1393087421255651328', '2021-05-14 14:53:35', '2021-05-14 14:53:35');
INSERT INTO `spider_movie_info` VALUES (563, '4.2', '记忆碎片', 'https://www.wuhaozhan.net/movie/1012022', '1393087421255651328', '2021-05-14 14:53:35', '2021-05-14 14:53:35');
INSERT INTO `spider_movie_info` VALUES (564, '5.1', '标志动作', 'https://www.wuhaozhan.net/movie/1009297', '1393087421255651328', '2021-05-14 14:53:35', '2021-05-14 14:53:35');
INSERT INTO `spider_movie_info` VALUES (565, '3.1', '抢红', 'https://www.wuhaozhan.net/movie/1008034', '1393087421255651328', '2021-05-14 14:53:35', '2021-05-14 14:53:35');
INSERT INTO `spider_movie_info` VALUES (566, '5.2', '小小的愿望', 'https://www.wuhaozhan.net/movie/1005337', '1393087421255651328', '2021-05-14 14:53:35', '2021-05-14 14:53:35');
INSERT INTO `spider_movie_info` VALUES (567, '7.3', '潘菲洛夫28勇士', 'https://www.wuhaozhan.net/movie/1012012', '1393087421255651328', '2021-05-14 14:53:35', '2021-05-14 14:53:35');
INSERT INTO `spider_movie_info` VALUES (568, '5.2', '扭转钱坤', 'https://www.wuhaozhan.net/movie/1009287', '1393087421255651328', '2021-05-14 14:53:35', '2021-05-14 14:53:35');
INSERT INTO `spider_movie_info` VALUES (569, '5.3', '表情奇幻冒险', 'https://www.wuhaozhan.net/movie/1008024', '1393087421255651328', '2021-05-14 14:53:35', '2021-05-14 14:53:35');
INSERT INTO `spider_movie_info` VALUES (570, '7.1', '战火球星', 'https://www.wuhaozhan.net/movie/1005314', '1393087421255651328', '2021-05-14 14:53:35', '2021-05-14 14:53:35');
INSERT INTO `spider_movie_info` VALUES (571, '7.4', '胡丽叶塔', 'https://www.wuhaozhan.net/movie/1012002', '1393087421255651328', '2021-05-14 14:53:35', '2021-05-14 14:53:35');
INSERT INTO `spider_movie_info` VALUES (572, '5.4', '逐爱', 'https://www.wuhaozhan.net/movie/1009277', '1393087421255651328', '2021-05-14 14:53:35', '2021-05-14 14:53:35');
INSERT INTO `spider_movie_info` VALUES (573, '3.2', '会痛的十七岁', 'https://www.wuhaozhan.net/movie/1008013', '1393087421255651328', '2021-05-14 14:53:35', '2021-05-14 14:53:35');
INSERT INTO `spider_movie_info` VALUES (574, '暂无评分', '死圈', 'https://www.wuhaozhan.net/movie/1005294', '1393087421255651328', '2021-05-14 14:53:35', '2021-05-14 14:53:35');
INSERT INTO `spider_movie_info` VALUES (575, '5.3', '刑警兄弟', 'https://www.wuhaozhan.net/movie/1011992', '1393087421255651328', '2021-05-14 14:53:35', '2021-05-14 14:53:35');
INSERT INTO `spider_movie_info` VALUES (576, '5.5', '军犬麦克斯2：白宫英雄', 'https://www.wuhaozhan.net/movie/1009267', '1393087421255651328', '2021-05-14 14:53:35', '2021-05-14 14:53:35');
INSERT INTO `spider_movie_info` VALUES (577, '5.4', '圆圈', 'https://www.wuhaozhan.net/movie/1008002', '1393087421255651328', '2021-05-14 14:53:35', '2021-05-14 14:53:35');
INSERT INTO `spider_movie_info` VALUES (578, '暂无评分', '志同道合', 'https://www.wuhaozhan.net/movie/1005278', '1393087421255651328', '2021-05-14 14:53:35', '2021-05-14 14:53:35');
INSERT INTO `spider_movie_info` VALUES (579, '6.8', '单身指南', 'https://www.wuhaozhan.net/movie/1011982', '1393087421255651328', '2021-05-14 14:53:35', '2021-05-14 14:53:35');
INSERT INTO `spider_movie_info` VALUES (580, '5.6', '美国暴力', 'https://www.wuhaozhan.net/movie/1009257', '1393087421255651328', '2021-05-14 14:53:35', '2021-05-14 14:53:35');
INSERT INTO `spider_movie_info` VALUES (581, '8.6', '伤物语3：冷血篇', 'https://www.wuhaozhan.net/movie/1007991', '1393087421255651328', '2021-05-14 14:53:35', '2021-05-14 14:53:35');
INSERT INTO `spider_movie_info` VALUES (582, '暂无评分', '我在春天等你', 'https://www.wuhaozhan.net/movie/1005266', '1393087421255651328', '2021-05-14 14:53:35', '2021-05-14 14:53:35');
INSERT INTO `spider_movie_info` VALUES (583, '7.3', '花牌情缘 下之句', 'https://www.wuhaozhan.net/movie/1011972', '1393087421255651328', '2021-05-14 14:53:35', '2021-05-14 14:53:35');
INSERT INTO `spider_movie_info` VALUES (584, '5.8', '玩命毒师3：荣誉之名', 'https://www.wuhaozhan.net/movie/1009247', '1393087421255651328', '2021-05-14 14:53:35', '2021-05-14 14:53:35');
INSERT INTO `spider_movie_info` VALUES (585, '6.8', '战犬瑞克斯', 'https://www.wuhaozhan.net/movie/1007981', '1393087421255651328', '2021-05-14 14:53:35', '2021-05-14 14:53:35');
INSERT INTO `spider_movie_info` VALUES (586, '暂无评分', '尽管你不想要', 'https://www.wuhaozhan.net/movie/1005247', '1393087421255651328', '2021-05-14 14:53:35', '2021-05-14 14:53:35');
INSERT INTO `spider_movie_info` VALUES (587, '6.9', '错乱的一代', 'https://www.wuhaozhan.net/movie/1011962', '1393087421255651328', '2021-05-14 14:53:35', '2021-05-14 14:53:35');
INSERT INTO `spider_movie_info` VALUES (588, '5.8', '陆地空谷', 'https://www.wuhaozhan.net/movie/1009237', '1393087421255651328', '2021-05-14 14:53:35', '2021-05-14 14:53:35');
INSERT INTO `spider_movie_info` VALUES (589, '8.2', '德黑兰禁忌', 'https://www.wuhaozhan.net/movie/1007971', '1393087421255651328', '2021-05-14 14:53:35', '2021-05-14 14:53:35');
INSERT INTO `spider_movie_info` VALUES (590, '4.1', '小明和他的小伙伴们', 'https://www.wuhaozhan.net/movie/1011952', '1393087421255651328', '2021-05-14 14:53:35', '2021-05-14 14:53:35');
INSERT INTO `spider_movie_info` VALUES (591, '6.0', '骗中骗', 'https://www.wuhaozhan.net/movie/1009227', '1393087421255651328', '2021-05-14 14:53:35', '2021-05-14 14:53:35');
INSERT INTO `spider_movie_info` VALUES (592, '5.4', '洛杉矶捣蛋计划', 'https://www.wuhaozhan.net/movie/1011942', '1393087421255651328', '2021-05-14 14:53:35', '2021-05-14 14:53:35');
INSERT INTO `spider_movie_info` VALUES (593, '暂无评分', '卖笑女郎', 'https://www.wuhaozhan.net/movie/1014000', '1393087421255651328', '2021-05-14 14:53:35', '2021-05-14 14:53:35');
INSERT INTO `spider_movie_info` VALUES (594, '5.8', '我的留级岳父', 'https://www.wuhaozhan.net/movie/1013919', '1393087421255651328', '2021-05-14 14:53:35', '2021-05-14 14:53:35');
INSERT INTO `spider_movie_info` VALUES (595, '7.0', '海底小纵队：火焰之环', 'https://www.wuhaozhan.net/movie/1013933', '1393087421255651328', '2021-05-14 14:53:35', '2021-05-14 14:53:35');
INSERT INTO `spider_movie_info` VALUES (596, '5.4', '威利的游乐园', 'https://www.wuhaozhan.net/movie/1013953', '1393087421255651328', '2021-05-14 14:53:35', '2021-05-14 14:53:35');
INSERT INTO `spider_movie_info` VALUES (597, '7.0', '毒贩大妈', 'https://www.wuhaozhan.net/movie/1013978', '1393087421255651328', '2021-05-14 14:53:35', '2021-05-14 14:53:35');
INSERT INTO `spider_movie_info` VALUES (598, '6.8', '小戏骨：花木兰', 'https://www.wuhaozhan.net/movie/1008905', '1393087421255651328', '2021-05-14 14:53:35', '2021-05-14 14:53:35');
INSERT INTO `spider_movie_info` VALUES (599, '6.6', '魔发精灵2', 'https://www.wuhaozhan.net/movie/1007283', '1393087421255651328', '2021-05-14 14:53:35', '2021-05-14 14:53:35');
INSERT INTO `spider_movie_info` VALUES (600, '7.0', '咖啡伴侣', 'https://www.wuhaozhan.net/movie/1008895', '1393087421255651328', '2021-05-14 14:53:35', '2021-05-14 14:53:35');
INSERT INTO `spider_movie_info` VALUES (601, '暂无评分', '琥珀', 'https://www.wuhaozhan.net/movie/1006878', '1393087421255651328', '2021-05-14 14:53:35', '2021-05-14 14:53:35');
INSERT INTO `spider_movie_info` VALUES (602, '7.1', '噢，露西！', 'https://www.wuhaozhan.net/movie/1008885', '1393087421255651328', '2021-05-14 14:53:35', '2021-05-14 14:53:35');
INSERT INTO `spider_movie_info` VALUES (603, '7.8', '隧道', 'https://www.wuhaozhan.net/movie/1011719', '1393087421255651328', '2021-05-14 14:53:35', '2021-05-14 14:53:35');
INSERT INTO `spider_movie_info` VALUES (604, '5.5', '女劫', 'https://www.wuhaozhan.net/movie/1008985', '1393087421255651328', '2021-05-14 14:53:35', '2021-05-14 14:53:35');
INSERT INTO `spider_movie_info` VALUES (605, '5.5', '烟花', 'https://www.wuhaozhan.net/movie/1007723', '1393087421255651328', '2021-05-14 14:53:35', '2021-05-14 14:53:35');
INSERT INTO `spider_movie_info` VALUES (606, '6.5', '生化危机：终章', 'https://www.wuhaozhan.net/movie/1011709', '1393087421255651328', '2021-05-14 14:53:35', '2021-05-14 14:53:35');
INSERT INTO `spider_movie_info` VALUES (607, '5.8', '异类', 'https://www.wuhaozhan.net/movie/1008975', '1393087421255651328', '2021-05-14 14:53:35', '2021-05-14 14:53:35');
INSERT INTO `spider_movie_info` VALUES (608, '7.0', '星际特工：千星之城', 'https://www.wuhaozhan.net/movie/1007713', '1393087421255651328', '2021-05-14 14:53:35', '2021-05-14 14:53:35');
INSERT INTO `spider_movie_info` VALUES (609, '6.6', '谁的青春不迷茫', 'https://www.wuhaozhan.net/movie/1011699', '1393087421255651328', '2021-05-14 14:53:35', '2021-05-14 14:53:35');
INSERT INTO `spider_movie_info` VALUES (610, '6.0', '机器人：英雄不会死', 'https://www.wuhaozhan.net/movie/1008965', '1393087421255651328', '2021-05-14 14:53:35', '2021-05-14 14:53:35');
INSERT INTO `spider_movie_info` VALUES (611, '7.1', '杀破狼·贪狼', 'https://www.wuhaozhan.net/movie/1007703', '1393087421255651328', '2021-05-14 14:53:35', '2021-05-14 14:53:35');
INSERT INTO `spider_movie_info` VALUES (612, '6.4', '北京遇上西雅图之不二情书', 'https://www.wuhaozhan.net/movie/1011689', '1393087421255651328', '2021-05-14 14:53:35', '2021-05-14 14:53:35');
INSERT INTO `spider_movie_info` VALUES (613, '6.3', 'Christina Pazsitzky: Mother Inferior', 'https://www.wuhaozhan.net/movie/1008955', '1393087421255651328', '2021-05-14 14:53:35', '2021-05-14 14:53:35');
INSERT INTO `spider_movie_info` VALUES (614, '7.0', '英伦对决', 'https://www.wuhaozhan.net/movie/1007693', '1393087421255651328', '2021-05-14 14:53:35', '2021-05-14 14:53:35');
INSERT INTO `spider_movie_info` VALUES (615, '6.8', '惊天魔盗团2', 'https://www.wuhaozhan.net/movie/1011679', '1393087421255651328', '2021-05-14 14:53:35', '2021-05-14 14:53:35');
INSERT INTO `spider_movie_info` VALUES (616, '6.3', '爱情与子弹', 'https://www.wuhaozhan.net/movie/1008945', '1393087421255651328', '2021-05-14 14:53:35', '2021-05-14 14:53:35');
INSERT INTO `spider_movie_info` VALUES (617, '4.9', '心理罪', 'https://www.wuhaozhan.net/movie/1007683', '1393087421255651328', '2021-05-14 14:53:35', '2021-05-14 14:53:35');
INSERT INTO `spider_movie_info` VALUES (618, '7.6', '奇异博士', 'https://www.wuhaozhan.net/movie/1011669', '1393087421255651328', '2021-05-14 14:53:35', '2021-05-14 14:53:35');
INSERT INTO `spider_movie_info` VALUES (619, '6.4', '演讲辩论社', 'https://www.wuhaozhan.net/movie/1008935', '1393087421255651328', '2021-05-14 14:53:35', '2021-05-14 14:53:35');
INSERT INTO `spider_movie_info` VALUES (620, '5.1', '悟空传', 'https://www.wuhaozhan.net/movie/1007673', '1393087421255651328', '2021-05-14 14:53:35', '2021-05-14 14:53:35');
INSERT INTO `spider_movie_info` VALUES (621, '暂无评分', '危险的谎言', 'https://www.wuhaozhan.net/movie/1010737', '1393087421255651328', '2021-05-14 14:53:35', '2021-05-14 14:53:35');
INSERT INTO `spider_movie_info` VALUES (622, '6.6', '交响诗篇 超进化1', 'https://www.wuhaozhan.net/movie/1008925', '1393087421255651328', '2021-05-14 14:53:35', '2021-05-14 14:53:35');
INSERT INTO `spider_movie_info` VALUES (623, '6.8', '喜欢你', 'https://www.wuhaozhan.net/movie/1007663', '1393087421255651328', '2021-05-14 14:53:35', '2021-05-14 14:53:35');
INSERT INTO `spider_movie_info` VALUES (624, '6.7', '搬迁的大名', 'https://www.wuhaozhan.net/movie/1006398', '1393087421255651328', '2021-05-14 14:53:35', '2021-05-14 14:53:35');
INSERT INTO `spider_movie_info` VALUES (625, '6.7', '罗姆男孩', 'https://www.wuhaozhan.net/movie/1008915', '1393087421255651328', '2021-05-14 14:53:35', '2021-05-14 14:53:35');
INSERT INTO `spider_movie_info` VALUES (626, '暂无评分', '老爸成双', 'https://www.wuhaozhan.net/movie/1013829', '1393087421255651328', '2021-05-14 14:53:35', '2021-05-14 14:53:35');
INSERT INTO `spider_movie_info` VALUES (627, '暂无评分', '石头会唱歌', 'https://www.wuhaozhan.net/movie/1007626', '1393087421255651328', '2021-05-14 14:53:35', '2021-05-14 14:53:35');
INSERT INTO `spider_movie_info` VALUES (628, '暂无评分', '有匪·破雪斩', 'https://www.wuhaozhan.net/movie/1013856', '1393087421255651328', '2021-05-14 14:53:35', '2021-05-14 14:53:35');
INSERT INTO `spider_movie_info` VALUES (629, '6.2', '凝视猎物', 'https://www.wuhaozhan.net/movie/1013873', '1393087421255651328', '2021-05-14 14:53:35', '2021-05-14 14:53:35');
INSERT INTO `spider_movie_info` VALUES (630, '暂无评分', '如果眼睛能偷走彼此', 'https://www.wuhaozhan.net/movie/1013899', '1393087421255651328', '2021-05-14 14:53:35', '2021-05-14 14:53:35');
INSERT INTO `spider_movie_info` VALUES (631, '8.5', '波斯语课', 'https://www.wuhaozhan.net/movie/1013812', '1393087421255651328', '2021-05-14 14:53:35', '2021-05-14 14:53:35');
INSERT INTO `spider_movie_info` VALUES (632, '暂无评分', '刑警本色', 'https://www.wuhaozhan.net/movie/1013760', '1393087421255651328', '2021-05-14 14:53:35', '2021-05-14 14:53:35');
INSERT INTO `spider_movie_info` VALUES (633, '暂无评分', '后遗症', 'https://www.wuhaozhan.net/movie/1013790', '1393087421255651328', '2021-05-14 14:53:35', '2021-05-14 14:53:35');
INSERT INTO `spider_movie_info` VALUES (634, '7.8', '女人的碎片', 'https://www.wuhaozhan.net/movie/1013678', '1393087421255651328', '2021-05-14 14:53:35', '2021-05-14 14:53:35');
INSERT INTO `spider_movie_info` VALUES (635, '暂无评分', '死神降临', 'https://www.wuhaozhan.net/movie/1013708', '1393087421255651328', '2021-05-14 14:53:35', '2021-05-14 14:53:35');
INSERT INTO `spider_movie_info` VALUES (636, '6.2', '天堂的张望', 'https://www.wuhaozhan.net/movie/1013723', '1393087421255651328', '2021-05-14 14:53:35', '2021-05-14 14:53:35');
INSERT INTO `spider_movie_info` VALUES (637, '8.8', '棒！少年', 'https://www.wuhaozhan.net/movie/1013715', '1393087421255651328', '2021-05-14 14:53:35', '2021-05-14 14:53:35');
INSERT INTO `spider_movie_info` VALUES (638, '2.6', '欢乐喜剧人', 'https://www.wuhaozhan.net/movie/1007754', '1393087421255651328', '2021-05-14 14:53:35', '2021-05-14 14:53:35');
INSERT INTO `spider_movie_info` VALUES (639, '5.2', '结婚', 'https://www.wuhaozhan.net/movie/1009006', '1393087421255651328', '2021-05-14 14:53:35', '2021-05-14 14:53:35');
INSERT INTO `spider_movie_info` VALUES (640, '6.7', '健忘村', 'https://www.wuhaozhan.net/movie/1007744', '1393087421255651328', '2021-05-14 14:53:35', '2021-05-14 14:53:35');
INSERT INTO `spider_movie_info` VALUES (641, '6.2', '名侦探柯南：纯黑的恶梦', 'https://www.wuhaozhan.net/movie/1011729', '1393087421255651328', '2021-05-14 14:53:35', '2021-05-14 14:53:35');
INSERT INTO `spider_movie_info` VALUES (642, '5.3', '丝黛芬妮', 'https://www.wuhaozhan.net/movie/1008996', '1393087421255651328', '2021-05-14 14:53:35', '2021-05-14 14:53:35');
INSERT INTO `spider_movie_info` VALUES (643, '8.2', '铁雨', 'https://www.wuhaozhan.net/movie/1007733', '1393087421255651328', '2021-05-14 14:53:35', '2021-05-14 14:53:35');
INSERT INTO `spider_movie_info` VALUES (644, '4.4', '我最好朋友的婚礼', 'https://www.wuhaozhan.net/movie/1011829', '1393087421255651328', '2021-05-14 14:53:35', '2021-05-14 14:53:35');
INSERT INTO `spider_movie_info` VALUES (645, '7.6', '伟大的精神', 'https://www.wuhaozhan.net/movie/1009105', '1393087421255651328', '2021-05-14 14:53:35', '2021-05-14 14:53:35');
INSERT INTO `spider_movie_info` VALUES (646, '5.6', '美好的意外', 'https://www.wuhaozhan.net/movie/1007839', '1393087421255651328', '2021-05-14 14:53:35', '2021-05-14 14:53:35');
INSERT INTO `spider_movie_info` VALUES (647, '6.2', '人类清除计划3', 'https://www.wuhaozhan.net/movie/1011819', '1393087421255651328', '2021-05-14 14:53:35', '2021-05-14 14:53:35');
INSERT INTO `spider_movie_info` VALUES (648, '7.8', '美国民谣', 'https://www.wuhaozhan.net/movie/1009095', '1393087421255651328', '2021-05-14 14:53:35', '2021-05-14 14:53:35');
INSERT INTO `spider_movie_info` VALUES (649, '4.5', '超凡战队', 'https://www.wuhaozhan.net/movie/1007829', '1393087421255651328', '2021-05-14 14:53:35', '2021-05-14 14:53:35');
INSERT INTO `spider_movie_info` VALUES (650, '7.6', '潘多拉', 'https://www.wuhaozhan.net/movie/1011809', '1393087421255651328', '2021-05-14 14:53:35', '2021-05-14 14:53:35');
INSERT INTO `spider_movie_info` VALUES (651, '8.0', '总统告别演讲', 'https://www.wuhaozhan.net/movie/1009085', '1393087421255651328', '2021-05-14 14:53:35', '2021-05-14 14:53:35');
INSERT INTO `spider_movie_info` VALUES (652, '5.3', '“吃吃”的爱', 'https://www.wuhaozhan.net/movie/1007819', '1393087421255651328', '2021-05-14 14:53:35', '2021-05-14 14:53:35');
INSERT INTO `spider_movie_info` VALUES (653, '7.3', '单身日记：好孕来袭', 'https://www.wuhaozhan.net/movie/1011799', '1393087421255651328', '2021-05-14 14:53:35', '2021-05-14 14:53:35');
INSERT INTO `spider_movie_info` VALUES (654, '2.2', '谜域之噬魂岭', 'https://www.wuhaozhan.net/movie/1009075', '1393087421255651328', '2021-05-14 14:53:35', '2021-05-14 14:53:35');
INSERT INTO `spider_movie_info` VALUES (655, '3.3', '疯岳撬佳人', 'https://www.wuhaozhan.net/movie/1007808', '1393087421255651328', '2021-05-14 14:53:35', '2021-05-14 14:53:35');
INSERT INTO `spider_movie_info` VALUES (656, '7.1', '香肠派对', 'https://www.wuhaozhan.net/movie/1011789', '1393087421255651328', '2021-05-14 14:53:35', '2021-05-14 14:53:35');
INSERT INTO `spider_movie_info` VALUES (657, '3.0', '毒鲨', 'https://www.wuhaozhan.net/movie/1009065', '1393087421255651328', '2021-05-14 14:53:35', '2021-05-14 14:53:35');
INSERT INTO `spider_movie_info` VALUES (658, '9.5', '夏目友人帐 第六季 特别篇 铃响的残株', 'https://www.wuhaozhan.net/movie/1007797', '1393087421255651328', '2021-05-14 14:53:35', '2021-05-14 14:53:35');
INSERT INTO `spider_movie_info` VALUES (659, '8.2', '不成问题的问题', 'https://www.wuhaozhan.net/movie/1011779', '1393087421255651328', '2021-05-14 14:53:35', '2021-05-14 14:53:35');
INSERT INTO `spider_movie_info` VALUES (660, '3.5', '死亡之舞', 'https://www.wuhaozhan.net/movie/1009055', '1393087421255651328', '2021-05-14 14:53:35', '2021-05-14 14:53:35');
INSERT INTO `spider_movie_info` VALUES (661, '4.7', '父子雄兵', 'https://www.wuhaozhan.net/movie/1007785', '1393087421255651328', '2021-05-14 14:53:35', '2021-05-14 14:53:35');
INSERT INTO `spider_movie_info` VALUES (662, '7.1', '屏住呼吸', 'https://www.wuhaozhan.net/movie/1011769', '1393087421255651328', '2021-05-14 14:53:35', '2021-05-14 14:53:35');
INSERT INTO `spider_movie_info` VALUES (663, '3.9', '让我死', 'https://www.wuhaozhan.net/movie/1009041', '1393087421255651328', '2021-05-14 14:53:35', '2021-05-14 14:53:35');
INSERT INTO `spider_movie_info` VALUES (664, '4.4', '这就是命', 'https://www.wuhaozhan.net/movie/1007774', '1393087421255651328', '2021-05-14 14:53:35', '2021-05-14 14:53:35');
INSERT INTO `spider_movie_info` VALUES (665, '4.9', '所以……和黑粉结婚了', 'https://www.wuhaozhan.net/movie/1011759', '1393087421255651328', '2021-05-14 14:53:35', '2021-05-14 14:53:35');
INSERT INTO `spider_movie_info` VALUES (666, '4.4', '浪尖的青春', 'https://www.wuhaozhan.net/movie/1009031', '1393087421255651328', '2021-05-14 14:53:35', '2021-05-14 14:53:35');
INSERT INTO `spider_movie_info` VALUES (667, '4.6', '决战食神', 'https://www.wuhaozhan.net/movie/1007764', '1393087421255651328', '2021-05-14 14:53:35', '2021-05-14 14:53:35');
INSERT INTO `spider_movie_info` VALUES (668, '暂无评分', '洛城一夜', 'https://www.wuhaozhan.net/movie/1013596', '1393087421255651328', '2021-05-14 14:53:35', '2021-05-14 14:53:35');
INSERT INTO `spider_movie_info` VALUES (669, '7.3', '星球大战外传：侠盗一号', 'https://www.wuhaozhan.net/movie/1011749', '1393087421255651328', '2021-05-14 14:53:35', '2021-05-14 14:53:35');
INSERT INTO `spider_movie_info` VALUES (670, '4.8', '桌球少女', 'https://www.wuhaozhan.net/movie/1009017', '1393087421255651328', '2021-05-14 14:53:35', '2021-05-14 14:53:35');
INSERT INTO `spider_movie_info` VALUES (671, '7.8', '边缘状态', 'https://www.wuhaozhan.net/movie/1013620', '1393087421255651328', '2021-05-14 14:53:35', '2021-05-14 14:53:35');
INSERT INTO `spider_movie_info` VALUES (672, '4.7', '盗墓笔记', 'https://www.wuhaozhan.net/movie/1011739', '1393087421255651328', '2021-05-14 14:53:35', '2021-05-14 14:53:35');
INSERT INTO `spider_movie_info` VALUES (673, '暂无评分', '迷罪追凶', 'https://www.wuhaozhan.net/movie/1013641', '1393087421255651328', '2021-05-14 14:53:35', '2021-05-14 14:53:35');
INSERT INTO `spider_movie_info` VALUES (674, '暂无评分', '到达挚爱', 'https://www.wuhaozhan.net/movie/1013656', '1393087421255651328', '2021-05-14 14:53:35', '2021-05-14 14:53:35');
INSERT INTO `spider_movie_info` VALUES (675, '5.1', '比翼双飞的爱情故事', 'https://www.wuhaozhan.net/movie/1007082', '1393087421255651328', '2021-05-14 14:53:35', '2021-05-14 14:53:35');
INSERT INTO `spider_movie_info` VALUES (676, '6.0', '辛巴', 'https://www.wuhaozhan.net/movie/1007071', '1393087421255651328', '2021-05-14 14:53:35', '2021-05-14 14:53:35');
INSERT INTO `spider_movie_info` VALUES (677, '7.1', '关于阿斯特丽德', 'https://www.wuhaozhan.net/movie/1007061', '1393087421255651328', '2021-05-14 14:53:35', '2021-05-14 14:53:35');
INSERT INTO `spider_movie_info` VALUES (678, '7.6', '占有欲', 'https://www.wuhaozhan.net/movie/1007051', '1393087421255651328', '2021-05-14 14:53:35', '2021-05-14 14:53:35');
INSERT INTO `spider_movie_info` VALUES (679, '5.2', '最漫长的夜晚', 'https://www.wuhaozhan.net/movie/1007158', '1393087421255651328', '2021-05-14 14:53:35', '2021-05-14 14:53:35');
INSERT INTO `spider_movie_info` VALUES (680, '6.4', '毕竟是巫女', 'https://www.wuhaozhan.net/movie/1008755', '1393087421255651328', '2021-05-14 14:53:35', '2021-05-14 14:53:35');
INSERT INTO `spider_movie_info` VALUES (681, '6.1', '树', 'https://www.wuhaozhan.net/movie/1007146', '1393087421255651328', '2021-05-14 14:53:35', '2021-05-14 14:53:35');
INSERT INTO `spider_movie_info` VALUES (682, '6.5', '谷粒', 'https://www.wuhaozhan.net/movie/1008745', '1393087421255651328', '2021-05-14 14:53:35', '2021-05-14 14:53:35');
INSERT INTO `spider_movie_info` VALUES (683, '6.5', '创世纪', 'https://www.wuhaozhan.net/movie/1007136', '1393087421255651328', '2021-05-14 14:53:35', '2021-05-14 14:53:35');
INSERT INTO `spider_movie_info` VALUES (684, '6.7', '神探泰兰', 'https://www.wuhaozhan.net/movie/1008735', '1393087421255651328', '2021-05-14 14:53:35', '2021-05-14 14:53:35');
INSERT INTO `spider_movie_info` VALUES (685, '7.0', '柠檬汽水', 'https://www.wuhaozhan.net/movie/1007126', '1393087421255651328', '2021-05-14 14:53:35', '2021-05-14 14:53:35');
INSERT INTO `spider_movie_info` VALUES (686, '6.9', '东京伤情故事SP：千住之恋', 'https://www.wuhaozhan.net/movie/1008725', '1393087421255651328', '2021-05-14 14:53:35', '2021-05-14 14:53:35');
INSERT INTO `spider_movie_info` VALUES (687, '7.6', '温莎的风流娘儿们', 'https://www.wuhaozhan.net/movie/1007116', '1393087421255651328', '2021-05-14 14:53:35', '2021-05-14 14:53:35');
INSERT INTO `spider_movie_info` VALUES (688, '7.2', '网络贩卖少女', 'https://www.wuhaozhan.net/movie/1008715', '1393087421255651328', '2021-05-14 14:53:35', '2021-05-14 14:53:35');
INSERT INTO `spider_movie_info` VALUES (689, '8.1', '魔法少女奈叶 Detonation', 'https://www.wuhaozhan.net/movie/1007106', '1393087421255651328', '2021-05-14 14:53:35', '2021-05-14 14:53:35');
INSERT INTO `spider_movie_info` VALUES (690, '7.5', '整人大赏2017', 'https://www.wuhaozhan.net/movie/1008705', '1393087421255651328', '2021-05-14 14:53:35', '2021-05-14 14:53:35');
INSERT INTO `spider_movie_info` VALUES (691, '8.7', '寒冷的高山有犀牛', 'https://www.wuhaozhan.net/movie/1007096', '1393087421255651328', '2021-05-14 14:53:35', '2021-05-14 14:53:35');
INSERT INTO `spider_movie_info` VALUES (692, '6.7', '前田建设梦幻营业部', 'https://www.wuhaozhan.net/movie/1013201', '1393087421255651328', '2021-05-14 14:53:35', '2021-05-14 14:53:35');
INSERT INTO `spider_movie_info` VALUES (693, '6.1', '地牢女孩', 'https://www.wuhaozhan.net/movie/1014148', '1393087421255651328', '2021-05-14 14:53:35', '2021-05-14 14:53:35');
INSERT INTO `spider_movie_info` VALUES (694, '7.1', '在蓝色时分飞翔', 'https://www.wuhaozhan.net/movie/1014169', '1393087421255651328', '2021-05-14 14:53:35', '2021-05-14 14:53:35');
INSERT INTO `spider_movie_info` VALUES (695, '6.9', '亚特兰蒂斯', 'https://www.wuhaozhan.net/movie/1014188', '1393087421255651328', '2021-05-14 14:53:35', '2021-05-14 14:53:35');
INSERT INTO `spider_movie_info` VALUES (696, '5.1', '巧克力与香子兰', 'https://www.wuhaozhan.net/movie/1008799', '1393087421255651328', '2021-05-14 14:53:35', '2021-05-14 14:53:35');
INSERT INTO `spider_movie_info` VALUES (697, '7.2', '无语之言', 'https://www.wuhaozhan.net/movie/1007192', '1393087421255651328', '2021-05-14 14:53:35', '2021-05-14 14:53:35');
INSERT INTO `spider_movie_info` VALUES (698, '5.5', '意识强殖', 'https://www.wuhaozhan.net/movie/1008787', '1393087421255651328', '2021-05-14 14:53:35', '2021-05-14 14:53:35');
INSERT INTO `spider_movie_info` VALUES (699, '7.9', '大力神', 'https://www.wuhaozhan.net/movie/1007182', '1393087421255651328', '2021-05-14 14:53:35', '2021-05-14 14:53:35');
INSERT INTO `spider_movie_info` VALUES (700, '5.7', '蝙蝠侠大战双面人', 'https://www.wuhaozhan.net/movie/1008777', '1393087421255651328', '2021-05-14 14:53:35', '2021-05-14 14:53:35');
INSERT INTO `spider_movie_info` VALUES (701, '3.4', '复仇者格林：战事再起', 'https://www.wuhaozhan.net/movie/1007172', '1393087421255651328', '2021-05-14 14:53:35', '2021-05-14 14:53:35');
INSERT INTO `spider_movie_info` VALUES (702, '6.1', '双龙会2', 'https://www.wuhaozhan.net/movie/1008765', '1393087421255651328', '2021-05-14 14:53:35', '2021-05-14 14:53:35');
INSERT INTO `spider_movie_info` VALUES (703, '2.9', '记忆码', 'https://www.wuhaozhan.net/movie/1007279', '1393087421255651328', '2021-05-14 14:53:35', '2021-05-14 14:53:35');
INSERT INTO `spider_movie_info` VALUES (704, '7.3', '洛特和露易丝：心有灵犀', 'https://www.wuhaozhan.net/movie/1008875', '1393087421255651328', '2021-05-14 14:53:35', '2021-05-14 14:53:35');
INSERT INTO `spider_movie_info` VALUES (705, '4.3', '浴血兄弟', 'https://www.wuhaozhan.net/movie/1007267', '1393087421255651328', '2021-05-14 14:53:35', '2021-05-14 14:53:35');
INSERT INTO `spider_movie_info` VALUES (706, '7.7', '周六夜现场', 'https://www.wuhaozhan.net/movie/1008865', '1393087421255651328', '2021-05-14 14:53:35', '2021-05-14 14:53:35');
INSERT INTO `spider_movie_info` VALUES (707, '4.7', '趣事', 'https://www.wuhaozhan.net/movie/1007254', '1393087421255651328', '2021-05-14 14:53:35', '2021-05-14 14:53:35');
INSERT INTO `spider_movie_info` VALUES (708, '8.0', '山田孝之的元气放送', 'https://www.wuhaozhan.net/movie/1008855', '1393087421255651328', '2021-05-14 14:53:35', '2021-05-14 14:53:35');
INSERT INTO `spider_movie_info` VALUES (709, '5.6', '最佳好友2', 'https://www.wuhaozhan.net/movie/1007243', '1393087421255651328', '2021-05-14 14:53:35', '2021-05-14 14:53:35');
INSERT INTO `spider_movie_info` VALUES (710, '9.3', 'さんタク 2017', 'https://www.wuhaozhan.net/movie/1008845', '1393087421255651328', '2021-05-14 14:53:35', '2021-05-14 14:53:35');
INSERT INTO `spider_movie_info` VALUES (711, '6.0', '看见你便想念你', 'https://www.wuhaozhan.net/movie/1007232', '1393087421255651328', '2021-05-14 14:53:35', '2021-05-14 14:53:35');
INSERT INTO `spider_movie_info` VALUES (712, '3.4', '死亡飞车2050', 'https://www.wuhaozhan.net/movie/1008835', '1393087421255651328', '2021-05-14 14:53:35', '2021-05-14 14:53:35');
INSERT INTO `spider_movie_info` VALUES (713, '6.4', 'PEACE MAKER 铁 想道', 'https://www.wuhaozhan.net/movie/1007222', '1393087421255651328', '2021-05-14 14:53:35', '2021-05-14 14:53:35');
INSERT INTO `spider_movie_info` VALUES (714, '3.8', '垫底联盟', 'https://www.wuhaozhan.net/movie/1008823', '1393087421255651328', '2021-05-14 14:53:35', '2021-05-14 14:53:35');
INSERT INTO `spider_movie_info` VALUES (715, '6.6', '优雅女子', 'https://www.wuhaozhan.net/movie/1007212', '1393087421255651328', '2021-05-14 14:53:35', '2021-05-14 14:53:35');
INSERT INTO `spider_movie_info` VALUES (716, '4.4', '降龙大师', 'https://www.wuhaozhan.net/movie/1008813', '1393087421255651328', '2021-05-14 14:53:35', '2021-05-14 14:53:35');
INSERT INTO `spider_movie_info` VALUES (717, '6.8', '女人来自金星', 'https://www.wuhaozhan.net/movie/1007202', '1393087421255651328', '2021-05-14 14:53:35', '2021-05-14 14:53:35');
INSERT INTO `spider_movie_info` VALUES (718, '6.2', '管道', 'https://www.wuhaozhan.net/movie/1014054', '1393087421255651328', '2021-05-14 14:53:35', '2021-05-14 14:53:35');
INSERT INTO `spider_movie_info` VALUES (719, '7.2', '里夫金的电影节', 'https://www.wuhaozhan.net/movie/1014075', '1393087421255651328', '2021-05-14 14:53:35', '2021-05-14 14:53:35');
INSERT INTO `spider_movie_info` VALUES (720, '5.7', '失恋反攻队', 'https://www.wuhaozhan.net/movie/1014087', '1393087421255651328', '2021-05-14 14:53:35', '2021-05-14 14:53:35');
INSERT INTO `spider_movie_info` VALUES (721, '7.5', '艾达怎么了', 'https://www.wuhaozhan.net/movie/1014105', '1393087421255651328', '2021-05-14 14:53:35', '2021-05-14 14:53:35');
INSERT INTO `spider_movie_info` VALUES (722, '7.6', '无声2020', 'https://www.wuhaozhan.net/movie/1014020', '1393087421255651328', '2021-05-14 14:53:35', '2021-05-14 14:53:35');
INSERT INTO `spider_movie_info` VALUES (723, '6.3', '自由主义者：间谍的时代', 'https://www.wuhaozhan.net/movie/1014037', '1393087421255651328', '2021-05-14 14:53:35', '2021-05-14 14:53:35');
INSERT INTO `spider_movie_info` VALUES (724, '暂无评分', '卖笑女郎', 'https://www.wuhaozhan.net/movie/1014000', '1393141339541082112', '2021-05-14 17:51:57', '2021-05-14 17:51:58');
INSERT INTO `spider_movie_info` VALUES (725, '5.8', '我的留级岳父', 'https://www.wuhaozhan.net/movie/1013919', '1393141339541082112', '2021-05-14 17:51:58', '2021-05-14 17:51:58');
INSERT INTO `spider_movie_info` VALUES (726, '7.0', '海底小纵队：火焰之环', 'https://www.wuhaozhan.net/movie/1013933', '1393141339541082112', '2021-05-14 17:51:58', '2021-05-14 17:51:58');
INSERT INTO `spider_movie_info` VALUES (727, '5.4', '威利的游乐园', 'https://www.wuhaozhan.net/movie/1013953', '1393141339541082112', '2021-05-14 17:51:58', '2021-05-14 17:51:58');
INSERT INTO `spider_movie_info` VALUES (728, '7.0', '毒贩大妈', 'https://www.wuhaozhan.net/movie/1013978', '1393141339541082112', '2021-05-14 17:51:58', '2021-05-14 17:51:58');
INSERT INTO `spider_movie_info` VALUES (729, '暂无评分', '老爸成双', 'https://www.wuhaozhan.net/movie/1013829', '1393141339541082112', '2021-05-14 17:51:58', '2021-05-14 17:51:58');
INSERT INTO `spider_movie_info` VALUES (730, '暂无评分', '有匪·破雪斩', 'https://www.wuhaozhan.net/movie/1013856', '1393141339541082112', '2021-05-14 17:51:58', '2021-05-14 17:51:58');
INSERT INTO `spider_movie_info` VALUES (731, '6.2', '凝视猎物', 'https://www.wuhaozhan.net/movie/1013873', '1393141339541082112', '2021-05-14 17:51:58', '2021-05-14 17:51:58');
INSERT INTO `spider_movie_info` VALUES (732, '暂无评分', '如果眼睛能偷走彼此', 'https://www.wuhaozhan.net/movie/1013899', '1393141339541082112', '2021-05-14 17:51:58', '2021-05-14 17:51:58');
INSERT INTO `spider_movie_info` VALUES (733, '8.5', '波斯语课', 'https://www.wuhaozhan.net/movie/1013812', '1393141339541082112', '2021-05-14 17:51:58', '2021-05-14 17:51:58');
INSERT INTO `spider_movie_info` VALUES (734, '暂无评分', '刑警本色', 'https://www.wuhaozhan.net/movie/1013760', '1393141339541082112', '2021-05-14 17:51:58', '2021-05-14 17:51:58');
INSERT INTO `spider_movie_info` VALUES (735, '暂无评分', '后遗症', 'https://www.wuhaozhan.net/movie/1013790', '1393141339541082112', '2021-05-14 17:51:58', '2021-05-14 17:51:58');
INSERT INTO `spider_movie_info` VALUES (736, '7.3', '信使', 'https://www.wuhaozhan.net/movie/1014343', '1393141339541082112', '2021-05-14 17:51:58', '2021-05-14 17:51:58');
INSERT INTO `spider_movie_info` VALUES (737, '6.7', '前田建设梦幻营业部', 'https://www.wuhaozhan.net/movie/1013201', '1393141339541082112', '2021-05-14 17:51:58', '2021-05-14 17:51:58');
INSERT INTO `spider_movie_info` VALUES (738, '暂无评分', '冷血悍将', 'https://www.wuhaozhan.net/movie/1014362', '1393141339541082112', '2021-05-14 17:51:58', '2021-05-14 17:51:58');
INSERT INTO `spider_movie_info` VALUES (739, '6.1', '地牢女孩', 'https://www.wuhaozhan.net/movie/1014148', '1393141339541082112', '2021-05-14 17:51:58', '2021-05-14 17:51:58');
INSERT INTO `spider_movie_info` VALUES (740, '8.6', '兹山鱼谱', 'https://www.wuhaozhan.net/movie/1014386', '1393141339541082112', '2021-05-14 17:51:58', '2021-05-14 17:51:58');
INSERT INTO `spider_movie_info` VALUES (741, '7.1', '在蓝色时分飞翔', 'https://www.wuhaozhan.net/movie/1014169', '1393141339541082112', '2021-05-14 17:51:58', '2021-05-14 17:51:58');
INSERT INTO `spider_movie_info` VALUES (742, '暂无评分', '骗徒一家亲', 'https://www.wuhaozhan.net/movie/1014435', '1393141339541082112', '2021-05-14 17:51:58', '2021-05-14 17:51:58');
INSERT INTO `spider_movie_info` VALUES (743, '6.9', '亚特兰蒂斯', 'https://www.wuhaozhan.net/movie/1014188', '1393141339541082112', '2021-05-14 17:51:58', '2021-05-14 17:51:58');
INSERT INTO `spider_movie_info` VALUES (744, '暂无评分', '雷霆女神', 'https://www.wuhaozhan.net/movie/1014228', '1393141339541082112', '2021-05-14 17:51:58', '2021-05-14 17:51:58');
INSERT INTO `spider_movie_info` VALUES (745, '6.9', '未知时间的爱', 'https://www.wuhaozhan.net/movie/1014262', '1393141339541082112', '2021-05-14 17:51:58', '2021-05-14 17:51:58');
INSERT INTO `spider_movie_info` VALUES (746, '6.5', '徐福', 'https://www.wuhaozhan.net/movie/1014287', '1393141339541082112', '2021-05-14 17:51:58', '2021-05-14 17:51:58');
INSERT INTO `spider_movie_info` VALUES (747, '8.0', '小人物2021', 'https://www.wuhaozhan.net/movie/1014326', '1393141339541082112', '2021-05-14 17:51:58', '2021-05-14 17:51:58');
INSERT INTO `spider_movie_info` VALUES (748, '6.2', '兴安岭猎人传说', 'https://www.wuhaozhan.net/movie/1014202', '1393141339541082112', '2021-05-14 17:51:58', '2021-05-14 17:51:58');
INSERT INTO `spider_movie_info` VALUES (749, '6.2', '管道', 'https://www.wuhaozhan.net/movie/1014054', '1393141339541082112', '2021-05-14 17:51:58', '2021-05-14 17:51:58');
INSERT INTO `spider_movie_info` VALUES (750, '7.3', '死侍2：我爱我家', 'https://www.wuhaozhan.net/movie/1000032', '1393141339541082112', '2021-05-14 17:51:58', '2021-05-14 17:51:58');
INSERT INTO `spider_movie_info` VALUES (751, '7.2', '里夫金的电影节', 'https://www.wuhaozhan.net/movie/1014075', '1393141339541082112', '2021-05-14 17:51:58', '2021-05-14 17:51:58');
INSERT INTO `spider_movie_info` VALUES (752, '8.1', '无敌破坏王2：大闹互联网', 'https://www.wuhaozhan.net/movie/1000021', '1393141339541082112', '2021-05-14 17:51:58', '2021-05-14 17:51:58');
INSERT INTO `spider_movie_info` VALUES (753, '5.7', '失恋反攻队', 'https://www.wuhaozhan.net/movie/1014087', '1393141339541082112', '2021-05-14 17:51:58', '2021-05-14 17:51:58');
INSERT INTO `spider_movie_info` VALUES (754, '8.1', '无名之辈', 'https://www.wuhaozhan.net/movie/1000009', '1393141339541082112', '2021-05-14 17:51:58', '2021-05-14 17:51:58');
INSERT INTO `spider_movie_info` VALUES (755, '7.5', '艾达怎么了', 'https://www.wuhaozhan.net/movie/1014105', '1393141339541082112', '2021-05-14 17:51:58', '2021-05-14 17:51:58');
INSERT INTO `spider_movie_info` VALUES (756, '7.6', '无声2020', 'https://www.wuhaozhan.net/movie/1014020', '1393141339541082112', '2021-05-14 17:51:58', '2021-05-14 17:51:58');
INSERT INTO `spider_movie_info` VALUES (757, '6.3', '自由主义者：间谍的时代', 'https://www.wuhaozhan.net/movie/1014037', '1393141339541082112', '2021-05-14 17:51:58', '2021-05-14 17:51:58');

SET FOREIGN_KEY_CHECKS = 1;
